Image_name,Year,Latitude,Longitude,Landscape,Surface,Hour,Non_shaded_temperature,Shaded_temperature,Temperature_difference,Landuse,Agriculture,Built,Forest,Grassland,Water,Others,CanopyCover,Imperviousdensity,MeanCanopyHeight,CanopyH_cv_20,CanopyH_iqr_20,CanopyH_p50_20,CanopyH_p95p5_20,CanopyH_sd_20,Shannon_landcover,Vegetation,GreenImperviousRatio,CanopyCoolingPotential,Distancetowater,Distancetoforest
HM20240709112424.tif,2024,51.8113889,14.4080556,Post_mine,Grass,11.4,34.09999847,22.70000076,11.39999771,Water,0,0,27.3025599,0,73.16533557,0,42.70040997,0,5.413602619,0.274533503,3,10,9,2.553234637,0.584995687,27.3025599,27.3025599,231.1630512,0.389816462,2.636522344
HM20240709112424.tif,2024,51.8113889,14.4080556,Post_mine,Grass,11.4,28.10000038,20.39999962,7.70000076,Water,0,0,27.3025599,0,73.16533557,0,42.70040997,0,5.413602619,0.274533503,3,10,9,2.553234637,0.584995687,27.3025599,27.3025599,231.1630512,0.389816462,2.636522344
HM20240709112424.tif,2024,51.8113889,14.4080556,Post_mine,Grass,11.4,34.90000153,22,12.90000153,Water,0,0,27.3025599,0,73.16533557,0,42.70040997,0,5.413602619,0.274533503,3,10,9,2.553234637,0.584995687,27.3025599,27.3025599,231.1630512,0.389816462,2.636522344
HM20240709112457.tif,2024,51.81138889,14.40805556,Post_mine,Asphalt_road,11.4,23.79999924,19.29999924,4.5,Water,0,0,27.3025599,0,73.16533557,0,42.70040997,0,5.413602619,0.274533503,3,10,9,2.553234637,0.584995687,27.3025599,27.3025599,231.1630512,0.389816462,2.636522344
HM20240709112457.tif,2024,51.81138889,14.40805556,Post_mine,Asphalt_road,11.4,21.60000038,19.79999924,1.80000114,Water,0,0,27.3025599,0,73.16533557,0,42.70040997,0,5.413602619,0.274533503,3,10,9,2.553234637,0.584995687,27.3025599,27.3025599,231.1630512,0.389816462,2.636522344
HM20240709112457.tif,2024,51.81138889,14.40805556,Post_mine,Asphalt_road,11.4,24.60000038,19.60000038,5,Water,0,0,27.3025599,0,73.16533557,0,42.70040997,0,5.413602619,0.274533503,3,10,9,2.553234637,0.584995687,27.3025599,27.3025599,231.1630512,0.389816462,2.636522344
HM20240709112514.tif,2024,51.81138889,14.40805556,Post_mine,Grass,11.42,29.89999962,22.39999962,7.5,Water,0,0,27.3025599,0,73.16533557,0,42.70040997,0,5.413602619,0.274533503,3,10,9,2.553234637,0.584995687,27.3025599,27.3025599,231.1630512,0.389816462,2.636522344
HM20240709112514.tif,2024,51.81138889,14.40805556,Post_mine,Grass,11.42,25.10000038,22.70000076,2.39999962,Water,0,0,27.3025599,0,73.16533557,0,42.70040997,0,5.413602619,0.274533503,3,10,9,2.553234637,0.584995687,27.3025599,27.3025599,231.1630512,0.389816462,2.636522344
HM20240709112514.tif,2024,51.81138889,14.40805556,Post_mine,Grass,11.42,27.60000038,22.20000076,5.39999962,Water,0,0,27.3025599,0,73.16533557,0,42.70040997,0,5.413602619,0.274533503,3,10,9,2.553234637,0.584995687,27.3025599,27.3025599,231.1630512,0.389816462,2.636522344
HM20240709113236.tif,2024,51.8088889,14.4080556,Post_mine,Asphalt_road,11.53,43.5,35.90000153,7.59999847,Grass,0,0,0,100.2582558,0,0,0,0,0,0,0,0,0,0,0,100.2582558,100.2582558,0,1.131018235,4.631376669
HM20240709113236.tif,2024,51.8088889,14.4080556,Post_mine,Asphalt_road,11.53,49.90000153,34.09999847,15.80000306,Grass,0,0,0,100.2582558,0,0,0,0,0,0,0,0,0,0,0,100.2582558,100.2582558,0,1.131018235,4.631376669
HM20240709113236.tif,2024,51.8088889,14.4080556,Post_mine,Asphalt_road,11.53,38.40000153,39,-0.59999847,Grass,0,0,0,100.2582558,0,0,0,0,0,0,0,0,0,0,0,100.2582558,100.2582558,0,1.131018235,4.631376669
HM20240709113219.tif,2024,51.80888889,14.40805556,Post_mine,Asphalt_road,11.53,37.90000153,23.5,14.40000153,Grass,0,0,0,100.2582558,0,0,0,0,0,0,0,0,0,0,0,100.2582558,100.2582558,0,1.131018235,4.631376669
HM20240709113219.tif,2024,51.80888889,14.40805556,Post_mine,Asphalt_road,11.53,42.5,32.59999847,9.90000153,Grass,0,0,0,100.2582558,0,0,0,0,0,0,0,0,0,0,0,100.2582558,100.2582558,0,1.131018235,4.631376669
HM20240709113219.tif,2024,51.80888889,14.40805556,Post_mine,Asphalt_road,11.53,42.29999924,21.29999924,21,Grass,0,0,0,100.2582558,0,0,0,0,0,0,0,0,0,0,0,100.2582558,100.2582558,0,1.131018235,4.631376669
HM20240709124146.tif,2024,51.54833333,14.08,Post_mine,Asphalt_road,12.68,51.79999924,43.29999924,8.5,Urban,0,82.98969409,3.580029481,13.39556912,0,0.034707307,0,0,0.001571763,0,0,1,0,0,0.545993885,16.9755986,16.9755986,0,1.250779966,3.213216086
HM20240709124146.tif,2024,51.54833333,14.08,Post_mine,Asphalt_road,12.68,53.20000076,48.70000076,4.5,Urban,0,82.98969409,3.580029481,13.39556912,0,0.034707307,0,0,0.001571763,0,0,1,0,0,0.545993885,16.9755986,16.9755986,0,1.250779966,3.213216086
HM20240709124146.tif,2024,51.54833333,14.08,Post_mine,Asphalt_road,12.68,50.70000076,49,1.70000076,Urban,0,82.98969409,3.580029481,13.39556912,0,0.034707307,0,0,0.001571763,0,0,1,0,0,0.545993885,16.9755986,16.9755986,0,1.250779966,3.213216086
HM20240709124245.tif,2024,51.7886111,14.3769444,Post_mine,Asphalt_road,12.7,45.70000076,41.79999924,3.90000152,Forest,0,0,100.2441931,0,0,0,48.45680958,0,3.929436191,0.450021088,5,6,9,2.786831451,0,100.2441931,100.2441931,190.4079413,1.280368485,0
HM20240709124245.tif,2024,51.7886111,14.3769444,Post_mine,Asphalt_road,12.7,47.70000076,39.09999847,8.60000229,Forest,0,0,100.2441931,0,0,0,48.45680958,0,3.929436191,0.450021088,5,6,9,2.786831451,0,100.2441931,100.2441931,190.4079413,1.280368485,0
HM20240709124245.tif,2024,51.7886111,14.3769444,Post_mine,Asphalt_road,12.7,42.59999847,37.29999924,5.29999923,Forest,0,0,100.2441931,0,0,0,48.45680958,0,3.929436191,0.450021088,5,6,9,2.786831451,0,100.2441931,100.2441931,190.4079413,1.280368485,0
HM20240709124430.tif,2024,51.78944444,14.3775,Post_mine,Asphalt_road,12.73,42.90000153,29.10000038,13.80000115,Forest,0,0,100.4380296,0,0,0,67.38789026,0,2.478599556,0.654021312,4,3,7,2.315866563,0,100.4380296,100.4380296,167.0275949,1.244061268,0
HM20240709124430.tif,2024,51.78944444,14.3775,Post_mine,Asphalt_road,12.73,42.90000153,28.10000038,14.80000115,Forest,0,0,100.4380296,0,0,0,67.38789026,0,2.478599556,0.654021312,4,3,7,2.315866563,0,100.4380296,100.4380296,167.0275949,1.244061268,0
HM20240709124430.tif,2024,51.78944444,14.3775,Post_mine,Asphalt_road,12.73,43.29999924,29.5,13.79999924,Forest,0,0,100.4380296,0,0,0,67.38789026,0,2.478599556,0.654021312,4,3,7,2.315866563,0,100.4380296,100.4380296,167.0275949,1.244061268,0
HM20240709124506.tif,2024,51.78944444,14.3775,Post_mine,Asphalt_road,12.75,21.10000038,21.39999962,-0.299999237,Forest,0,0,100.4380296,0,0,0,67.38789026,0,2.478599556,0.654021312,4,3,7,2.315866563,0,100.4380296,100.4380296,167.0275949,1.244061268,0
HM20240709124506.tif,2024,51.78944444,14.3775,Post_mine,Asphalt_road,12.75,21.79999924,21.10000038,0.699998856,Forest,0,0,100.4380296,0,0,0,67.38789026,0,2.478599556,0.654021312,4,3,7,2.315866563,0,100.4380296,100.4380296,167.0275949,1.244061268,0
HM20240709124506.tif,2024,51.78944444,14.3775,Post_mine,Asphalt_road,12.75,21.60000038,21.20000076,0.399999619,Forest,0,0,100.4380296,0,0,0,67.38789026,0,2.478599556,0.654021312,4,3,7,2.315866563,0,100.4380296,100.4380296,167.0275949,1.244061268,0
HM20240709124648.tif,2024,51.79055556,14.37833333,Post_mine,Asphalt_road,12.77,43,32,11,Grass,0,0,42.71403687,57.70198287,0,0,48.75769956,0,3.131551451,0.591647093,4,5,10,3.12892196,0.681966396,100.4160197,100.4160197,152.6872448,1.166962581,2.189414867
HM20240709124648.tif,2024,51.79055556,14.37833333,Post_mine,Asphalt_road,12.77,39.20000076,26.89999962,12.30000114,Grass,0,0,42.71403687,57.70198287,0,0,48.75769956,0,3.131551451,0.591647093,4,5,10,3.12892196,0.681966396,100.4160197,100.4160197,152.6872448,1.166962581,2.189414867
HM20240709124648.tif,2024,51.79055556,14.37833333,Post_mine,Asphalt_road,12.77,35.5,25.39999962,10.10000038,Grass,0,0,42.71403687,57.70198287,0,0,48.75769956,0,3.131551451,0.591647093,4,5,10,3.12892196,0.681966396,100.4160197,100.4160197,152.6872448,1.166962581,2.189414867
HM20240709124727.tif,2024,51.79055556,14.37833333,Post_mine,Asphalt_road,12.78,36.29999924,34.90000153,1.39999771,Grass,0,0,42.71403687,57.70198287,0,0,48.75769956,0,3.131551451,0.591647093,4,5,10,3.12892196,0.681966396,100.4160197,100.4160197,152.6872448,1.166962581,2.189414867
HM20240709124727.tif,2024,51.79055556,14.37833333,Post_mine,Asphalt_road,12.78,34,27.79999924,6.20000076,Grass,0,0,42.71403687,57.70198287,0,0,48.75769956,0,3.131551451,0.591647093,4,5,10,3.12892196,0.681966396,100.4160197,100.4160197,152.6872448,1.166962581,2.189414867
HM20240709124727.tif,2024,51.79055556,14.37833333,Post_mine,Asphalt_road,12.78,36.59999847,30.39999962,6.19999885,Grass,0,0,42.71403687,57.70198287,0,0,48.75769956,0,3.131551451,0.591647093,4,5,10,3.12892196,0.681966396,100.4160197,100.4160197,152.6872448,1.166962581,2.189414867
HM20240709124710.tif,2024,51.79055556,14.37833333,Post_mine,Asphalt_road,12.78,33,34.5,-1.5,Grass,0,0,42.71403687,57.70198287,0,0,48.75769956,0,3.131551451,0.591647093,4,5,10,3.12892196,0.681966396,100.4160197,100.4160197,152.6872448,1.166962581,2.189414867
HM20240709124710.tif,2024,51.79055556,14.37833333,Post_mine,Asphalt_road,12.78,39,25.29999924,13.70000076,Grass,0,0,42.71403687,57.70198287,0,0,48.75769956,0,3.131551451,0.591647093,4,5,10,3.12892196,0.681966396,100.4160197,100.4160197,152.6872448,1.166962581,2.189414867
HM20240709124710.tif,2024,51.79055556,14.37833333,Post_mine,Asphalt_road,12.78,43.09999847,31.79999924,11.29999923,Grass,0,0,42.71403687,57.70198287,0,0,48.75769956,0,3.131551451,0.591647093,4,5,10,3.12892196,0.681966396,100.4160197,100.4160197,152.6872448,1.166962581,2.189414867
HM20240709124828.tif,2024,51.79083333,14.37888889,Post_mine,Asphalt_road,12.8,39.29999924,18.70000076,20.59999848,Forest,0,0,100.1610462,0,0,0,45.18477574,0,2.082747059,0.534559064,3,3,5,1.843855914,0,100.1610462,100.1610462,94.10845878,1.145973572,0
HM20240709124828.tif,2024,51.79083333,14.37888889,Post_mine,Asphalt_road,12.8,38.59999847,20.89999962,17.69999885,Forest,0,0,100.1610462,0,0,0,45.18477574,0,2.082747059,0.534559064,3,3,5,1.843855914,0,100.1610462,100.1610462,94.10845878,1.145973572,0
HM20240709124828.tif,2024,51.79083333,14.37888889,Post_mine,Asphalt_road,12.8,40.70000076,17.79999924,22.90000152,Forest,0,0,100.1610462,0,0,0,45.18477574,0,2.082747059,0.534559064,3,3,5,1.843855914,0,100.1610462,100.1610462,94.10845878,1.145973572,0
HM20240709125148.tif,2024,51.54722222,14.08055556,Lakeside,Asphalt_road,12.85,53.59999847,45.70000076,7.89999771,Grass,0,0,32.88980966,67.21559742,0,0,0,0,1.277701234,0.547213462,4,5,8,2.676187615,0.633148281,100.1054071,100.1054071,0,1.211727556,2.718230837
HM20240709125148.tif,2024,51.54722222,14.08055556,Lakeside,Asphalt_road,12.85,53.5,43.70000076,9.79999924,Grass,0,0,32.88980966,67.21559742,0,0,0,0,1.277701234,0.547213462,4,5,8,2.676187615,0.633148281,100.1054071,100.1054071,0,1.211727556,2.718230837
HM20240709125148.tif,2024,51.54722222,14.08055556,Lakeside,Asphalt_road,12.85,54,39.40000153,14.59999847,Grass,0,0,32.88980966,67.21559742,0,0,0,0,1.277701234,0.547213462,4,5,8,2.676187615,0.633148281,100.1054071,100.1054071,0,1.211727556,2.718230837
HM20240709125848.tif,2024,51.54833333,14.07861111,Lakeside,Gravel_road,12.85,29.39999962,18.79999924,10.60000038,Forest,0,0,99.96529281,0,0,0.034707191,70.58181246,0,9.130987867,0.347610522,5,10,11,3.347814833,0.003111779,99.96529281,99.96529281,644.4816732,1.294652772,0
HM20240709125848.tif,2024,51.54833333,14.07861111,Lakeside,Gravel_road,12.85,41.70000076,21.29999924,20.40000152,Forest,0,0,99.96529281,0,0,0.034707191,70.58181246,0,9.130987867,0.347610522,5,10,11,3.347814833,0.003111779,99.96529281,99.96529281,644.4816732,1.294652772,0
HM20240709125848.tif,2024,51.54833333,14.07861111,Lakeside,Gravel_road,12.85,32.79999924,19.79999924,13,Forest,0,0,99.96529281,0,0,0.034707191,70.58181246,0,9.130987867,0.347610522,5,10,11,3.347814833,0.003111779,99.96529281,99.96529281,644.4816732,1.294652772,0
HM20240709125902.tif,2024,51.54833333,14.07861111,Lakeside,Gravel_road,12.98,32.40000153,16.89999962,15.50000191,Forest,0,0,99.96529281,0,0,0.034707191,70.58181246,0,9.130987867,0.347610522,5,10,11,3.347814833,0.003111779,99.96529281,99.96529281,644.4816732,1.294652772,0
HM20240709125902.tif,2024,51.54833333,14.07861111,Lakeside,Gravel_road,12.98,33.29999924,18.29999924,15,Forest,0,0,99.96529281,0,0,0.034707191,70.58181246,0,9.130987867,0.347610522,5,10,11,3.347814833,0.003111779,99.96529281,99.96529281,644.4816732,1.294652772,0
HM20240709125902.tif,2024,51.54833333,14.07861111,Lakeside,Gravel_road,12.98,27.79999924,15.69999981,12.09999943,Forest,0,0,99.96529281,0,0,0.034707191,70.58181246,0,9.130987867,0.347610522,5,10,11,3.347814833,0.003111779,99.96529281,99.96529281,644.4816732,1.294652772,0
HM20240709125907.tif,2024,51.54833333,14.07861111,Lakeside,Gravel_road,12.98,22.20000076,18.39999962,3.80000114,Forest,0,0,99.96529281,0,0,0.034707191,70.58181246,0,9.130987867,0.347610522,5,10,11,3.347814833,0.003111779,99.96529281,99.96529281,644.4816732,1.294652772,0
HM20240709125907.tif,2024,51.54833333,14.07861111,Lakeside,Gravel_road,12.98,23.79999924,17.20000076,6.59999848,Forest,0,0,99.96529281,0,0,0.034707191,70.58181246,0,9.130987867,0.347610522,5,10,11,3.347814833,0.003111779,99.96529281,99.96529281,644.4816732,1.294652772,0
HM20240709125907.tif,2024,51.54833333,14.07861111,Lakeside,Gravel_road,12.98,23,16.89999962,6.10000038,Forest,0,0,99.96529281,0,0,0.034707191,70.58181246,0,9.130987867,0.347610522,5,10,11,3.347814833,0.003111779,99.96529281,99.96529281,644.4816732,1.294652772,0
HM20240709134507.tif,2024,51.52833333,14.1,Lakeside,Asphalt_road,13.75,37.90000153,27.39999962,10.50000191,Forest,0,0,100.0284545,0,0,0,43.05178402,0,8.37971447,0.412972967,5,10,12,3.795141661,0,100.0284545,100.0284545,360.7616575,1.122656468,0
HM20240709134507.tif,2024,51.52833333,14.1,Lakeside,Asphalt_road,13.75,48.29999924,45.20000076,3.09999848,Forest,0,0,100.0284545,0,0,0,43.05178402,0,8.37971447,0.412972967,5,10,12,3.795141661,0,100.0284545,100.0284545,360.7616575,1.122656468,0
HM20240709134507.tif,2024,51.52833333,14.1,Lakeside,Asphalt_road,13.75,42.09999847,29.89999962,12.19999885,Forest,0,0,100.0284545,0,0,0,43.05178402,0,8.37971447,0.412972967,5,10,12,3.795141661,0,100.0284545,100.0284545,360.7616575,1.122656468,0
HM20240709140734.tif,2024,51.52611111,14.08333333,Lakeside,Asphalt_road,14.12,50.70000076,35.09999847,15.60000229,Water,0,0,0,0,100.2694399,0,0,0,0,0,0,0,0,0,0,0,0,0,0,5.615529514
HM20240709140734.tif,2024,51.52611111,14.08333333,Lakeside,Asphalt_road,14.12,51,34,17,Water,0,0,0,0,100.2694399,0,0,0,0,0,0,0,0,0,0,0,0,0,0,5.615529514
HM20240709140734.tif,2024,51.52611111,14.08333333,Lakeside,Asphalt_road,14.12,50.5,42.09999847,8.40000153,Water,0,0,0,0,100.2694399,0,0,0,0,0,0,0,0,0,0,0,0,0,0,5.615529514
HM20240709140818.tif,2024,51.52611111,14.08333333,Lakeside,Asphalt_road,14.13,41.59999847,39.79999924,1.79999923,Water,0,0,0,0,100.2694399,0,0,0,0,0,0,0,0,0,0,0,0,0,0,5.615529514
HM20240709140818.tif,2024,51.52611111,14.08333333,Lakeside,Asphalt_road,14.13,42.70000076,41.5,1.20000076,Water,0,0,0,0,100.2694399,0,0,0,0,0,0,0,0,0,0,0,0,0,0,5.615529514
HM20240709140818.tif,2024,51.52611111,14.08333333,Lakeside,Asphalt_road,14.13,41.29999924,41.90000153,-0.60000229,Water,0,0,0,0,100.2694399,0,0,0,0,0,0,0,0,0,0,0,0,0,0,5.615529514
HM20240709140818.tif,2024,51.52611111,14.08333333,Lakeside,Grass,14.13,46.59999847,38.79999924,7.79999923,Water,0,0,0,0,100.2694399,0,0,0,0,0,0,0,0,0,0,0,0,0,0,5.615529514
HM20240709140818.tif,2024,51.52611111,14.08333333,Lakeside,Grass,14.13,40.40000153,35.59999847,4.80000306,Water,0,0,0,0,100.2694399,0,0,0,0,0,0,0,0,0,0,0,0,0,0,5.615529514
HM20240709140818.tif,2024,51.52611111,14.08333333,Lakeside,Grass,14.13,41,33.90000153,7.09999847,Water,0,0,0,0,100.2694399,0,0,0,0,0,0,0,0,0,0,0,0,0,0,5.615529514
HM20240709151551.tif,2024,51.55194444,14.14666667,Lakeside,Asphalt_road,15.25,43.20000076,38.70000076,4.5,Forest,0,0,90.28036156,10.12946273,0,0,15.66803538,21,1.562053423,0.540617395,5,5,8,2.652451825,0.327014847,100.4098243,4.564082922,24.4743083,1.378658314,0.603077916
HM20240709151551.tif,2024,51.55194444,14.14666667,Lakeside,Asphalt_road,15.25,43.29999924,40,3.29999924,Forest,0,0,90.28036156,10.12946273,0,0,15.66803538,21,1.562053423,0.540617395,5,5,8,2.652451825,0.327014847,100.4098243,4.564082922,24.4743083,1.378658314,0.603077916
HM20240709151551.tif,2024,51.55194444,14.14666667,Lakeside,Asphalt_road,15.25,39.79999924,37.59999847,2.20000077,Forest,0,0,90.28036156,10.12946273,0,0,15.66803538,21,1.562053423,0.540617395,5,5,8,2.652451825,0.327014847,100.4098243,4.564082922,24.4743083,1.378658314,0.603077916
HM20240709151604.tif,2024,51.55194444,14.14666667,Lakeside,Asphalt_road,15.27,49.79999924,44.59999847,5.20000077,Forest,0,0,90.28036156,10.12946273,0,0,15.66803538,21,1.562053423,0.540617395,5,5,8,2.652451825,0.327014847,100.4098243,4.564082922,24.4743083,1.378658314,0.603077916
HM20240709151604.tif,2024,51.55194444,14.14666667,Lakeside,Asphalt_road,15.27,49.20000076,46.90000153,2.29999923,Forest,0,0,90.28036156,10.12946273,0,0,15.66803538,21,1.562053423,0.540617395,5,5,8,2.652451825,0.327014847,100.4098243,4.564082922,24.4743083,1.378658314,0.603077916
HM20240709151604.tif,2024,51.55194444,14.14666667,Lakeside,Asphalt_road,15.27,50.90000153,47.90000153,3,Forest,0,0,90.28036156,10.12946273,0,0,15.66803538,21,1.562053423,0.540617395,5,5,8,2.652451825,0.327014847,100.4098243,4.564082922,24.4743083,1.378658314,0.603077916
HM20240709151719.tif,2024,51.55138889,14.14638889,Lakeside,Asphalt_road,15.28,51.29999924,45.40000153,5.89999771,Forest,0,0,100.4897069,0,0,0,44.46175727,6,8.285210088,0.516184414,7,10,15,4.749168227,0,100.4897069,14.35567241,368.3749999,1.371377158,0
HM20240709151719.tif,2024,51.55138889,14.14638889,Lakeside,Asphalt_road,15.28,51.20000076,43.29999924,7.90000152,Forest,0,0,100.4897069,0,0,0,44.46175727,6,8.285210088,0.516184414,7,10,15,4.749168227,0,100.4897069,14.35567241,368.3749999,1.371377158,0
HM20240709151719.tif,2024,51.55138889,14.14638889,Lakeside,Asphalt_road,15.28,46.40000153,47.5,-1.09999847,Forest,0,0,100.4897069,0,0,0,44.46175727,6,8.285210088,0.516184414,7,10,15,4.749168227,0,100.4897069,14.35567241,368.3749999,1.371377158,0
HM20240709151733.tif,2024,51.55138889,14.14638889,Lakeside,Asphalt_road,15.28,49.5,46.20000076,3.29999924,Forest,0,0,100.4897069,0,0,0,44.46175727,6,8.285210088,0.516184414,7,10,15,4.749168227,0,100.4897069,14.35567241,368.3749999,1.371377158,0
HM20240709151733.tif,2024,51.55138889,14.14638889,Lakeside,Asphalt_road,15.28,46,45.29999924,0.700000763,Forest,0,0,100.4897069,0,0,0,44.46175727,6,8.285210088,0.516184414,7,10,15,4.749168227,0,100.4897069,14.35567241,368.3749999,1.371377158,0
HM20240709151733.tif,2024,51.55138889,14.14638889,Lakeside,Asphalt_road,15.28,50.20000076,47.29999924,2.90000152,Forest,0,0,100.4897069,0,0,0,44.46175727,6,8.285210088,0.516184414,7,10,15,4.749168227,0,100.4897069,14.35567241,368.3749999,1.371377158,0
HM20240709151701.tif,2024,51.55138889,14.14638889,Lakeside,Asphalt_road,15.28,47.79999924,32.90000153,14.89999771,Forest,0,0,100.4897069,0,0,0,44.46175727,6,8.285210088,0.516184414,7,10,15,4.749168227,0,100.4897069,14.35567241,368.3749999,1.371377158,0
HM20240709151701.tif,2024,51.55138889,14.14638889,Lakeside,Asphalt_road,15.28,47.09999847,36.90000153,10.19999694,Forest,0,0,100.4897069,0,0,0,44.46175727,6,8.285210088,0.516184414,7,10,15,4.749168227,0,100.4897069,14.35567241,368.3749999,1.371377158,0
HM20240709151701.tif,2024,51.55138889,14.14638889,Lakeside,Asphalt_road,15.28,47.59999847,39.70000076,7.89999771,Forest,0,0,100.4897069,0,0,0,44.46175727,6,8.285210088,0.516184414,7,10,15,4.749168227,0,100.4897069,14.35567241,368.3749999,1.371377158,0
HM20240709153026.tif,2024,51.54944444,14.14333333,Lakeside,Asphalt_road,15.5,45,31,14,Forest,0,4.150379993,71.38233206,24.80388774,0,0,3.666456891,8,2.338121333,0.640790174,4,3,7,2.308222609,0.719466074,96.1862198,10.68735776,8.572621073,1.344996086,1.411825247
HM20240709153026.tif,2024,51.54944444,14.14333333,Lakeside,Asphalt_road,15.5,49.59999847,35.59999847,14,Forest,0,4.150379993,71.38233206,24.80388774,0,0,3.666456891,8,2.338121333,0.640790174,4,3,7,2.308222609,0.719466074,96.1862198,10.68735776,8.572621073,1.344996086,1.411825247
HM20240709153026.tif,2024,51.54944444,14.14333333,Lakeside,Asphalt_road,15.5,48.79999924,33.29999924,15.5,Forest,0,4.150379993,71.38233206,24.80388774,0,0,3.666456891,8,2.338121333,0.640790174,4,3,7,2.308222609,0.719466074,96.1862198,10.68735776,8.572621073,1.344996086,1.411825247
HM20240709153252.tif,2024,51.55027778,14.14305556,Lakeside,Grass,15.53,25.10000038,25.70000076,-0.60000038,Forest,0,0,100.157763,0,0,0,66.57363121,2.064516129,6.217354068,0.435138313,5,10,12,3.573541729,0,100.157763,32.68305951,413.9118368,1.358791774,0
HM20240709153252.tif,2024,51.55027778,14.14305556,Lakeside,Grass,15.53,25.5,25.20000076,0.299999237,Forest,0,0,100.157763,0,0,0,66.57363121,2.064516129,6.217354068,0.435138313,5,10,12,3.573541729,0,100.157763,32.68305951,413.9118368,1.358791774,0
HM20240709153252.tif,2024,51.55027778,14.14305556,Lakeside,Grass,15.53,29.20000076,26.20000076,3,Forest,0,0,100.157763,0,0,0,66.57363121,2.064516129,6.217354068,0.435138313,5,10,12,3.573541729,0,100.157763,32.68305951,413.9118368,1.358791774,0
HM20240709153305.tif,2024,51.55027778,14.14305556,Lakeside,Asphalt_road,15.55,49.29999924,42.5,6.79999924,Forest,0,0,100.157763,0,0,0,66.57363121,2.064516129,6.217354068,0.435138313,5,10,12,3.573541729,0,100.157763,32.68305951,413.9118368,1.358791774,0
HM20240709153305.tif,2024,51.55027778,14.14305556,Lakeside,Asphalt_road,15.55,46.90000153,41.70000076,5.20000077,Forest,0,0,100.157763,0,0,0,66.57363121,2.064516129,6.217354068,0.435138313,5,10,12,3.573541729,0,100.157763,32.68305951,413.9118368,1.358791774,0
HM20240709153305.tif,2024,51.55027778,14.14305556,Lakeside,Asphalt_road,15.55,47.5,47.09999847,0.400001526,Forest,0,0,100.157763,0,0,0,66.57363121,2.064516129,6.217354068,0.435138313,5,10,12,3.573541729,0,100.157763,32.68305951,413.9118368,1.358791774,0
HM20000206174552.tif,2024,51.74472222,14.41111111,Urban,Grass,16,24.79999924,26.89999962,-2.10000038,Urban,0,71.90139635,28.34136528,0,0,0,0,30.3125,1.218935015,0.703624192,7,5,11,3.789529174,0.595510736,28.34136528,0.905113462,0,1.471942899,2.416668431
HM20000206174552.tif,2024,51.74472222,14.41111111,Urban,Grass,16,42.20000076,37.70000076,4.5,Urban,0,71.90139635,28.34136528,0,0,0,0,30.3125,1.218935015,0.703624192,7,5,11,3.789529174,0.595510736,28.34136528,0.905113462,0,1.471942899,2.416668431
HM20000206174552.tif,2024,51.74472222,14.41111111,Urban,Grass,16,26.10000038,32.79999924,-6.69999886,Urban,0,71.90139635,28.34136528,0,0,0,0,30.3125,1.218935015,0.703624192,7,5,11,3.789529174,0.595510736,28.34136528,0.905113462,0,1.471942899,2.416668431
HM20000206174558.tif,2024,51.74472222,14.41111111,Urban,Asphalt_road,16,34.29999924,27,7.29999924,Urban,0,71.90139635,28.34136528,0,0,0,0,30.3125,1.218935015,0.703624192,7,5,11,3.789529174,0.595510736,28.34136528,0.905113462,0,1.471942899,2.416668431
HM20000206174558.tif,2024,51.74472222,14.41111111,Urban,Asphalt_road,16,36.29999924,40.29999924,-4,Urban,0,71.90139635,28.34136528,0,0,0,0,30.3125,1.218935015,0.703624192,7,5,11,3.789529174,0.595510736,28.34136528,0.905113462,0,1.471942899,2.416668431
HM20000206174558.tif,2024,51.74472222,14.41111111,Urban,Asphalt_road,16,37.59999847,27.79999924,9.79999923,Urban,0,71.90139635,28.34136528,0,0,0,0,30.3125,1.218935015,0.703624192,7,5,11,3.789529174,0.595510736,28.34136528,0.905113462,0,1.471942899,2.416668431
HM20000206174604.tif,2024,51.74472222,14.41111111,Urban,Asphalt_road,16.02,40.59999847,31,9.59999847,Urban,0,71.90139635,28.34136528,0,0,0,0,30.3125,1.218935015,0.703624192,7,5,11,3.789529174,0.595510736,28.34136528,0.905113462,0,1.471942899,2.416668431
HM20000206174604.tif,2024,51.74472222,14.41111111,Urban,Asphalt_road,16.02,45.59999847,38.29999924,7.29999923,Urban,0,71.90139635,28.34136528,0,0,0,0,30.3125,1.218935015,0.703624192,7,5,11,3.789529174,0.595510736,28.34136528,0.905113462,0,1.471942899,2.416668431
HM20000206174604.tif,2024,51.74472222,14.41111111,Urban,Asphalt_road,16.02,38.90000153,38.20000076,0.70000077,Urban,0,71.90139635,28.34136528,0,0,0,0,30.3125,1.218935015,0.703624192,7,5,11,3.789529174,0.595510736,28.34136528,0.905113462,0,1.471942899,2.416668431
HM20000206175310.tif,2024,51.74444444,14.41305556,Urban,Grass,16.13,39.5,26.89999962,12.60000038,Grass,0,14.61148951,25.63871345,60.0127618,0,0,0.293467971,33.625,0.098124577,0.622912605,3,3,6,2.146493749,0.936594959,85.65147525,2.473688816,0.028796421,1.468034232,2.573879351
HM20000206175310.tif,2024,51.74444444,14.41305556,Urban,Grass,16.13,32.29999924,27.29999924,5,Grass,0,14.61148951,25.63871345,60.0127618,0,0,0.293467971,33.625,0.098124577,0.622912605,3,3,6,2.146493749,0.936594959,85.65147525,2.473688816,0.028796421,1.468034232,2.573879351
HM20000206175310.tif,2024,51.74444444,14.41305556,Urban,Grass,16.13,35.59999847,26.20000076,9.39999771,Grass,0,14.61148951,25.63871345,60.0127618,0,0,0.293467971,33.625,0.098124577,0.622912605,3,3,6,2.146493749,0.936594959,85.65147525,2.473688816,0.028796421,1.468034232,2.573879351
HM20000206175305.tif,2024,51.74444444,14.41305556,Urban,Asphalt_road,16.13,34.20000076,30,4.20000076,Grass,0,14.61148951,25.63871345,60.0127618,0,0,0.293467971,33.625,0.098124577,0.622912605,3,3,6,2.146493749,0.936594959,85.65147525,2.473688816,0.028796421,1.468034232,2.573879351
HM20000206175305.tif,2024,51.74444444,14.41305556,Urban,Asphalt_road,16.13,38,29.60000038,8.39999962,Grass,0,14.61148951,25.63871345,60.0127618,0,0,0.293467971,33.625,0.098124577,0.622912605,3,3,6,2.146493749,0.936594959,85.65147525,2.473688816,0.028796421,1.468034232,2.573879351
HM20000206175305.tif,2024,51.74444444,14.41305556,Urban,Asphalt_road,16.13,38.29999924,34.90000153,3.39999771,Grass,0,14.61148951,25.63871345,60.0127618,0,0,0.293467971,33.625,0.098124577,0.622912605,3,3,6,2.146493749,0.936594959,85.65147525,2.473688816,0.028796421,1.468034232,2.573879351
HM20000206180011.tif,2024,51.745,14.41416667,Urban,Grass,16.25,31.10000038,22.60000038,8.5,Grass,0.058758416,3.251318212,0,97.16711324,0,0,0,12,3.524019717,0.590407247,8,8,14,4.541066922,0.147766953,97.22587166,7.478913204,0,1.462828314,3.359455647
HM20000206180011.tif,2024,51.745,14.41416667,Urban,Grass,16.25,32.59999847,22.79999924,9.79999923,Grass,0.058758416,3.251318212,0,97.16711324,0,0,0,12,3.524019717,0.590407247,8,8,14,4.541066922,0.147766953,97.22587166,7.478913204,0,1.462828314,3.359455647
HM20000206180011.tif,2024,51.745,14.41416667,Urban,Grass,16.25,30.29999924,23.20000076,7.09999848,Grass,0.058758416,3.251318212,0,97.16711324,0,0,0,12,3.524019717,0.590407247,8,8,14,4.541066922,0.147766953,97.22587166,7.478913204,0,1.462828314,3.359455647
HM20000206180011.tif,2024,51.745,14.41416667,Urban,Asphalt_road,16.25,47.59999847,40.70000076,6.89999771,Grass,0.058758416,3.251318212,0,97.16711324,0,0,0,12,3.524019717,0.590407247,8,8,14,4.541066922,0.147766953,97.22587166,7.478913204,0,1.462828314,3.359455647
HM20000206180011.tif,2024,51.745,14.41416667,Urban,Asphalt_road,16.25,48.40000153,39,9.40000153,Grass,0.058758416,3.251318212,0,97.16711324,0,0,0,12,3.524019717,0.590407247,8,8,14,4.541066922,0.147766953,97.22587166,7.478913204,0,1.462828314,3.359455647
HM20000206180011.tif,2024,51.745,14.41416667,Urban,Asphalt_road,16.25,49.79999924,36.29999924,13.5,Grass,0.058758416,3.251318212,0,97.16711324,0,0,0,12,3.524019717,0.590407247,8,8,14,4.541066922,0.147766953,97.22587166,7.478913204,0,1.462828314,3.359455647
HM20000206180016.tif,2024,51.745,14.41416667,Urban,Bareland,16.25,40.5,34.29999924,6.20000076,Grass,0.058758416,3.251318212,0,97.16711324,0,0,0,12,3.524019717,0.590407247,8,8,14,4.541066922,0.147766953,97.22587166,7.478913204,0,1.462828314,3.359455647
HM20000206180016.tif,2024,51.745,14.41416667,Urban,Bareland,16.25,43.59999847,29.29999924,14.29999923,Grass,0.058758416,3.251318212,0,97.16711324,0,0,0,12,3.524019717,0.590407247,8,8,14,4.541066922,0.147766953,97.22587166,7.478913204,0,1.462828314,3.359455647
HM20000206180016.tif,2024,51.745,14.41416667,Urban,Bareland,16.25,40.90000153,36.70000076,4.20000077,Grass,0.058758416,3.251318212,0,97.16711324,0,0,0,12,3.524019717,0.590407247,8,8,14,4.541066922,0.147766953,97.22587166,7.478913204,0,1.462828314,3.359455647
HM20000206180014.tif,2024,51.745,14.41416667,Urban,Asphalt_road,16.25,38.29999924,34.29999924,4,Grass,0.058758416,3.251318212,0,97.16711324,0,0,0,12,3.524019717,0.590407247,8,8,14,4.541066922,0.147766953,97.22587166,7.478913204,0,1.462828314,3.359455647
HM20000206180014.tif,2024,51.745,14.41416667,Urban,Asphalt_road,16.25,41.40000153,31.79999924,9.60000229,Grass,0.058758416,3.251318212,0,97.16711324,0,0,0,12,3.524019717,0.590407247,8,8,14,4.541066922,0.147766953,97.22587166,7.478913204,0,1.462828314,3.359455647
HM20000206180014.tif,2024,51.745,14.41416667,Urban,Asphalt_road,16.25,42.29999924,43.20000076,-0.90000152,Grass,0.058758416,3.251318212,0,97.16711324,0,0,0,12,3.524019717,0.590407247,8,8,14,4.541066922,0.147766953,97.22587166,7.478913204,0,1.462828314,3.359455647
HM20000206180008.tif,2024,51.745,14.41416667,Urban,Asphalt_road,16.25,42.5,30.10000038,12.39999962,Grass,0.058758416,3.251318212,0,97.16711324,0,0,0,12,3.524019717,0.590407247,8,8,14,4.541066922,0.147766953,97.22587166,7.478913204,0,1.462828314,3.359455647
HM20000206180008.tif,2024,51.745,14.41416667,Urban,Asphalt_road,16.25,38.29999924,30.5,7.79999924,Grass,0.058758416,3.251318212,0,97.16711324,0,0,0,12,3.524019717,0.590407247,8,8,14,4.541066922,0.147766953,97.22587166,7.478913204,0,1.462828314,3.359455647
HM20000206180008.tif,2024,51.745,14.41416667,Urban,Asphalt_road,16.25,41.20000076,31,10.20000076,Grass,0.058758416,3.251318212,0,97.16711324,0,0,0,12,3.524019717,0.590407247,8,8,14,4.541066922,0.147766953,97.22587166,7.478913204,0,1.462828314,3.359455647
HM20000206180449.tif,2024,51.74305556,14.41416667,Urban,Asphalt_road,16.32,43.09999847,35.5,7.59999847,Grass,5.4256245,33.29796907,0,61.601182,0,0,0,22,1.349181787,0.602520834,5,4,8,2.737359394,0.823303913,67.0268065,2.914208978,0,1.470664076,3.742277299
HM20000206180449.tif,2024,51.74305556,14.41416667,Urban,Asphalt_road,16.32,36.09999847,34.90000153,1.19999694,Grass,5.4256245,33.29796907,0,61.601182,0,0,0,22,1.349181787,0.602520834,5,4,8,2.737359394,0.823303913,67.0268065,2.914208978,0,1.470664076,3.742277299
HM20000206180449.tif,2024,51.74305556,14.41416667,Urban,Asphalt_road,16.32,44.09999847,33.79999924,10.29999923,Grass,5.4256245,33.29796907,0,61.601182,0,0,0,22,1.349181787,0.602520834,5,4,8,2.737359394,0.823303913,67.0268065,2.914208978,0,1.470664076,3.742277299
HM20000206180458.tif,2024,51.74305556,14.41416667,Urban,Grass,16.32,31.60000038,26.10000038,5.5,Grass,5.4256245,33.29796907,0,61.601182,0,0,0,22,1.349181787,0.602520834,5,4,8,2.737359394,0.823303913,67.0268065,2.914208978,0,1.470664076,3.742277299
HM20000206180458.tif,2024,51.74305556,14.41416667,Urban,Grass,16.32,31,25.79999924,5.20000076,Grass,5.4256245,33.29796907,0,61.601182,0,0,0,22,1.349181787,0.602520834,5,4,8,2.737359394,0.823303913,67.0268065,2.914208978,0,1.470664076,3.742277299
HM20000206180458.tif,2024,51.74305556,14.41416667,Urban,Grass,16.32,31.10000038,27.5,3.60000038,Grass,5.4256245,33.29796907,0,61.601182,0,0,0,22,1.349181787,0.602520834,5,4,8,2.737359394,0.823303913,67.0268065,2.914208978,0,1.470664076,3.742277299
HM20000206180444.tif,2024,51.74305556,14.41416667,Urban,Asphalt_road,16.32,40.70000076,37,3.70000076,Grass,5.4256245,33.29796907,0,61.601182,0,0,0,22,1.349181787,0.602520834,5,4,8,2.737359394,0.823303913,67.0268065,2.914208978,0,1.470664076,3.742277299
HM20000206180444.tif,2024,51.74305556,14.41416667,Urban,Asphalt_road,16.32,40.40000153,35.29999924,5.10000229,Grass,5.4256245,33.29796907,0,61.601182,0,0,0,22,1.349181787,0.602520834,5,4,8,2.737359394,0.823303913,67.0268065,2.914208978,0,1.470664076,3.742277299
HM20000206180444.tif,2024,51.74305556,14.41416667,Urban,Asphalt_road,16.32,41.40000153,37.70000076,3.70000077,Grass,5.4256245,33.29796907,0,61.601182,0,0,0,22,1.349181787,0.602520834,5,4,8,2.737359394,0.823303913,67.0268065,2.914208978,0,1.470664076,3.742277299
HM20000206180504.tif,2024,51.74305556,14.41416667,Urban,Asphalt_road,16.33,32.40000153,42,-9.59999847,Grass,5.4256245,33.29796907,0,61.601182,0,0,0,22,1.349181787,0.602520834,5,4,8,2.737359394,0.823303913,67.0268065,2.914208978,0,1.470664076,3.742277299
HM20000206180504.tif,2024,51.74305556,14.41416667,Urban,Asphalt_road,16.33,32.70000076,40.59999847,-7.89999771,Grass,5.4256245,33.29796907,0,61.601182,0,0,0,22,1.349181787,0.602520834,5,4,8,2.737359394,0.823303913,67.0268065,2.914208978,0,1.470664076,3.742277299
HM20000206180504.tif,2024,51.74305556,14.41416667,Urban,Asphalt_road,16.33,33.5,34.59999847,-1.09999847,Grass,5.4256245,33.29796907,0,61.601182,0,0,0,22,1.349181787,0.602520834,5,4,8,2.737359394,0.823303913,67.0268065,2.914208978,0,1.470664076,3.742277299
HM20000206181149.tif,2024,51.74555556,14.41638889,Urban,Asphalt_road,16.43,47,32.20000076,14.79999924,Grass,29.45722971,20.34978201,6.267527347,44.34267729,0,0,0,3.125,0.115243137,0.743742235,4,3,7,2.605436081,1.21732809,80.06743435,19.41028711,0,1.454062695,3.097508864
HM20000206181149.tif,2024,51.74555556,14.41638889,Urban,Asphalt_road,16.43,47,31.20000076,15.79999924,Grass,29.45722971,20.34978201,6.267527347,44.34267729,0,0,0,3.125,0.115243137,0.743742235,4,3,7,2.605436081,1.21732809,80.06743435,19.41028711,0,1.454062695,3.097508864
HM20000206181149.tif,2024,51.74555556,14.41638889,Urban,Asphalt_road,16.43,48,32.79999924,15.20000076,Grass,29.45722971,20.34978201,6.267527347,44.34267729,0,0,0,3.125,0.115243137,0.743742235,4,3,7,2.605436081,1.21732809,80.06743435,19.41028711,0,1.454062695,3.097508864
HM20000206181911.tif,2024,51.74416667,14.41583333,Urban,Brick_road,16.57,40.90000153,32.70000076,8.20000077,Urban,0,85.20154629,9.244829347,5.73885058,0,0,0,47,0.478574969,0.675288701,2,2,5,1.546926851,0.521479273,14.98367993,0.312159998,0,1.461764063,2.958823025
HM20000206181911.tif,2024,51.74416667,14.41583333,Urban,Brick_road,16.57,41.40000153,31.60000038,9.80000115,Urban,0,85.20154629,9.244829347,5.73885058,0,0,0,47,0.478574969,0.675288701,2,2,5,1.546926851,0.521479273,14.98367993,0.312159998,0,1.461764063,2.958823025
HM20000206181911.tif,2024,51.74416667,14.41583333,Urban,Brick_road,16.57,41.29999924,33.20000076,8.09999848,Urban,0,85.20154629,9.244829347,5.73885058,0,0,0,47,0.478574969,0.675288701,2,2,5,1.546926851,0.521479273,14.98367993,0.312159998,0,1.461764063,2.958823025
HM20000206181903.tif,2024,51.74416667,14.41583333,Urban,Brick_road,16.57,49.20000076,36.59999847,12.60000229,Urban,0,85.20154629,9.244829347,5.73885058,0,0,0,47,0.478574969,0.675288701,2,2,5,1.546926851,0.521479273,14.98367993,0.312159998,0,1.461764063,2.958823025
HM20000206181903.tif,2024,51.74416667,14.41583333,Urban,Brick_road,16.57,42,39.5,2.5,Urban,0,85.20154629,9.244829347,5.73885058,0,0,0,47,0.478574969,0.675288701,2,2,5,1.546926851,0.521479273,14.98367993,0.312159998,0,1.461764063,2.958823025
HM20000206181903.tif,2024,51.74416667,14.41583333,Urban,Brick_road,16.57,53.79999924,34,19.79999924,Urban,0,85.20154629,9.244829347,5.73885058,0,0,0,47,0.478574969,0.675288701,2,2,5,1.546926851,0.521479273,14.98367993,0.312159998,0,1.461764063,2.958823025
HM20000206181914.tif,2024,51.74416667,14.41583333,Urban,Asphalt_road,16.57,46.59999847,37.70000076,8.89999771,Urban,0,85.20154629,9.244829347,5.73885058,0,0,0,47,0.478574969,0.675288701,2,2,5,1.546926851,0.521479273,14.98367993,0.312159998,0,1.461764063,2.958823025
HM20000206181914.tif,2024,51.74416667,14.41583333,Urban,Asphalt_road,16.57,46.20000076,28,18.20000076,Urban,0,85.20154629,9.244829347,5.73885058,0,0,0,47,0.478574969,0.675288701,2,2,5,1.546926851,0.521479273,14.98367993,0.312159998,0,1.461764063,2.958823025
HM20000206181914.tif,2024,51.74416667,14.41583333,Urban,Asphalt_road,16.57,46.5,36.90000153,9.59999847,Urban,0,85.20154629,9.244829347,5.73885058,0,0,0,47,0.478574969,0.675288701,2,2,5,1.546926851,0.521479273,14.98367993,0.312159998,0,1.461764063,2.958823025
HM20000206181908.tif,2024,51.74416667,14.41583333,Urban,Grass,16.57,28,26.89999962,1.10000038,Urban,0,85.20154629,9.244829347,5.73885058,0,0,0,47,0.478574969,0.675288701,2,2,5,1.546926851,0.521479273,14.98367993,0.312159998,0,1.461764063,2.958823025
HM20000206181908.tif,2024,51.74416667,14.41583333,Urban,Grass,16.57,43.70000076,24,19.70000076,Urban,0,85.20154629,9.244829347,5.73885058,0,0,0,47,0.478574969,0.675288701,2,2,5,1.546926851,0.521479273,14.98367993,0.312159998,0,1.461764063,2.958823025
HM20000206181908.tif,2024,51.74416667,14.41583333,Urban,Grass,16.57,43.40000153,29,14.40000153,Urban,0,85.20154629,9.244829347,5.73885058,0,0,0,47,0.478574969,0.675288701,2,2,5,1.546926851,0.521479273,14.98367993,0.312159998,0,1.461764063,2.958823025
HM20000206182514.tif,2024,51.74388889,14.40083333,Urban,Asphalt_road,16.67,34.90000153,33.29999924,1.60000229,Forest,0,0,100.4796341,0,0,0,68.54789757,1,15.95338095,0.149796112,3,17,8,2.389754441,0,100.4796341,50.23981705,1093.570723,1.49554081,0
HM20000206182514.tif,2024,51.74388889,14.40083333,Urban,Asphalt_road,16.67,41.90000153,38.59999847,3.30000306,Forest,0,0,100.4796341,0,0,0,68.54789757,1,15.95338095,0.149796112,3,17,8,2.389754441,0,100.4796341,50.23981705,1093.570723,1.49554081,0
HM20000206182514.tif,2024,51.74388889,14.40083333,Urban,Asphalt_road,16.67,35.40000153,29.70000076,5.70000077,Forest,0,0,100.4796341,0,0,0,68.54789757,1,15.95338095,0.149796112,3,17,8,2.389754441,0,100.4796341,50.23981705,1093.570723,1.49554081,0
HM20000206201127.tif,2024,51.76916667,14.32527778,Urban,Brick_road,18.43,33.40000153,31.20000076,2.20000077,Urban,0,100.2869536,0,0,0,0,0,49,0.9634437,0.531003532,3,3,4,1.475153153,0,0,0,0,1.355313279,3.933527684
HM20000206201127.tif,2024,51.76916667,14.32527778,Urban,Brick_road,18.43,37,32.40000153,4.59999847,Urban,0,100.2869536,0,0,0,0,0,49,0.9634437,0.531003532,3,3,4,1.475153153,0,0,0,0,1.355313279,3.933527684
HM20000206201127.tif,2024,51.76916667,14.32527778,Urban,Brick_road,18.43,29.60000038,36.90000153,-7.30000115,Urban,0,100.2869536,0,0,0,0,0,49,0.9634437,0.531003532,3,3,4,1.475153153,0,0,0,0,1.355313279,3.933527684
HM20000206201131.tif,2024,51.76916667,14.32527778,Urban,Asphalt_road,18.43,44,31.20000076,12.79999924,Urban,0,100.2869536,0,0,0,0,0,49,0.9634437,0.531003532,3,3,4,1.475153153,0,0,0,0,1.355313279,3.933527684
HM20000206201131.tif,2024,51.76916667,14.32527778,Urban,Asphalt_road,18.43,33.29999924,31.10000038,2.19999886,Urban,0,100.2869536,0,0,0,0,0,49,0.9634437,0.531003532,3,3,4,1.475153153,0,0,0,0,1.355313279,3.933527684
HM20000206201131.tif,2024,51.76916667,14.32527778,Urban,Asphalt_road,18.43,35.20000076,26.79999924,8.40000152,Urban,0,100.2869536,0,0,0,0,0,49,0.9634437,0.531003532,3,3,4,1.475153153,0,0,0,0,1.355313279,3.933527684
HM20000206201943.tif,2024,51.76722222,14.32361111,Urban,Brick_road,18.57,38.09999847,34.59999847,3.5,Urban,0,81.10613223,0,19.20468287,0,0,0,73,1.675715949,0.706693541,6,5,11,3.606392426,0.488321208,19.20468287,0.259522741,0,1.305866804,4.154966463
HM20000206201943.tif,2024,51.76722222,14.32361111,Urban,Brick_road,18.57,46.20000076,32.70000076,13.5,Urban,0,81.10613223,0,19.20468287,0,0,0,73,1.675715949,0.706693541,6,5,11,3.606392426,0.488321208,19.20468287,0.259522741,0,1.305866804,4.154966463
HM20000206201943.tif,2024,51.76722222,14.32361111,Urban,Brick_road,18.57,45.70000076,31.60000038,14.10000038,Urban,0,81.10613223,0,19.20468287,0,0,0,73,1.675715949,0.706693541,6,5,11,3.606392426,0.488321208,19.20468287,0.259522741,0,1.305866804,4.154966463
HM20000206201955.tif,2024,51.76722222,14.32361111,Urban,Brick_road,18.57,34.59999847,29.39999962,5.19999885,Urban,0,81.10613223,0,19.20468287,0,0,0,73,1.675715949,0.706693541,6,5,11,3.606392426,0.488321208,19.20468287,0.259522741,0,1.305866804,4.154966463
HM20000206201955.tif,2024,51.76722222,14.32361111,Urban,Brick_road,18.57,36.09999847,28.20000076,7.89999771,Urban,0,81.10613223,0,19.20468287,0,0,0,73,1.675715949,0.706693541,6,5,11,3.606392426,0.488321208,19.20468287,0.259522741,0,1.305866804,4.154966463
HM20000206201955.tif,2024,51.76722222,14.32361111,Urban,Brick_road,18.57,31.89999962,28.70000076,3.19999886,Urban,0,81.10613223,0,19.20468287,0,0,0,73,1.675715949,0.706693541,6,5,11,3.606392426,0.488321208,19.20468287,0.259522741,0,1.305866804,4.154966463
HM20000206202400.tif,2024,51.76805556,14.32583333,Urban,Brick_road,18.65,28.89999962,25.10000038,3.79999924,Urban,0,99.99575787,0,0.450256017,0,0,0,52,0.025249501,0,0,1,0,0,0.028712254,0.450256017,0.008495397,0,1.348150257,4.190518059
HM20000206202400.tif,2024,51.76805556,14.32583333,Urban,Brick_road,18.65,30.29999924,25.70000076,4.59999848,Urban,0,99.99575787,0,0.450256017,0,0,0,52,0.025249501,0,0,1,0,0,0.028712254,0.450256017,0.008495397,0,1.348150257,4.190518059
HM20000206202400.tif,2024,51.76805556,14.32583333,Urban,Brick_road,18.65,33.5,27,6.5,Urban,0,99.99575787,0,0.450256017,0,0,0,52,0.025249501,0,0,1,0,0,0.028712254,0.450256017,0.008495397,0,1.348150257,4.190518059
HM20000206202403.tif,2024,51.76805556,14.32583333,Urban,Brick_road,18.65,29.20000076,25.10000038,4.10000038,Urban,0,99.99575787,0,0.450256017,0,0,0,52,0.025249501,0,0,1,0,0,0.028712254,0.450256017,0.008495397,0,1.348150257,4.190518059
HM20000206202403.tif,2024,51.76805556,14.32583333,Urban,Brick_road,18.65,28.79999924,25,3.79999924,Urban,0,99.99575787,0,0.450256017,0,0,0,52,0.025249501,0,0,1,0,0,0.028712254,0.450256017,0.008495397,0,1.348150257,4.190518059
HM20000206202403.tif,2024,51.76805556,14.32583333,Urban,Brick_road,18.65,31.5,25.60000038,5.89999962,Urban,0,99.99575787,0,0.450256017,0,0,0,52,0.025249501,0,0,1,0,0,0.028712254,0.450256017,0.008495397,0,1.348150257,4.190518059
HM20000206202654.tif,2024,51.76694444,14.32611111,Urban,Brick_road,18.68,30.79999924,30.20000076,0.59999848,Urban,0,53.52289712,0,46.9451407,0,0,0,91,0.851500713,0.546046726,2,2,5,1.399156404,0.691002412,46.9451407,0.510273268,0,1.339967129,4.430502431
HM20000206202654.tif,2024,51.76694444,14.32611111,Urban,Brick_road,18.68,36.40000153,29.39999962,7.00000191,Urban,0,53.52289712,0,46.9451407,0,0,0,91,0.851500713,0.546046726,2,2,5,1.399156404,0.691002412,46.9451407,0.510273268,0,1.339967129,4.430502431
HM20000206202654.tif,2024,51.76694444,14.32611111,Urban,Brick_road,18.68,37.40000153,29.89999962,7.50000191,Urban,0,53.52289712,0,46.9451407,0,0,0,91,0.851500713,0.546046726,2,2,5,1.399156404,0.691002412,46.9451407,0.510273268,0,1.339967129,4.430502431
HM20000206202706.tif,2024,51.76694444,14.32611111,Urban,Brick_road,18.7,34.5,30.10000038,4.39999962,Urban,0,53.52289712,0,46.9451407,0,0,0,91,0.851500713,0.546046726,2,2,5,1.399156404,0.691002412,46.9451407,0.510273268,0,1.339967129,4.430502431
HM20000206202706.tif,2024,51.76694444,14.32611111,Urban,Brick_road,18.7,34.59999847,30,4.59999847,Urban,0,53.52289712,0,46.9451407,0,0,0,91,0.851500713,0.546046726,2,2,5,1.399156404,0.691002412,46.9451407,0.510273268,0,1.339967129,4.430502431
HM20000206202706.tif,2024,51.76694444,14.32611111,Urban,Brick_road,18.7,37.70000076,33.70000076,4,Urban,0,53.52289712,0,46.9451407,0,0,0,91,0.851500713,0.546046726,2,2,5,1.399156404,0.691002412,46.9451407,0.510273268,0,1.339967129,4.430502431
HM20000206202701.tif,2024,51.76694444,14.32611111,Urban,Brick_road,18.7,28.70000076,26,2.70000076,Urban,0,53.52289712,0,46.9451407,0,0,0,91,0.851500713,0.546046726,2,2,5,1.399156404,0.691002412,46.9451407,0.510273268,0,1.339967129,4.430502431
HM20000206202701.tif,2024,51.76694444,14.32611111,Urban,Brick_road,18.7,32.09999847,31.29999924,0.79999923,Urban,0,53.52289712,0,46.9451407,0,0,0,91,0.851500713,0.546046726,2,2,5,1.399156404,0.691002412,46.9451407,0.510273268,0,1.339967129,4.430502431
HM20000206202701.tif,2024,51.76694444,14.32611111,Urban,Brick_road,18.7,32.29999924,27.60000038,4.69999886,Urban,0,53.52289712,0,46.9451407,0,0,0,91,0.851500713,0.546046726,2,2,5,1.399156404,0.691002412,46.9451407,0.510273268,0,1.339967129,4.430502431
HM20000206202945.tif,2024,51.76833333,14.3275,Urban,Grass,18.73,29.70000076,28.29999924,1.40000152,Urban,0,100.4649707,0,0,0,0,0,57,0.081736695,0.517914991,1,1,2,0.748373233,0,0,0,0,1.369717132,3.438475485
HM20000206202945.tif,2024,51.76833333,14.3275,Urban,Grass,18.73,30.5,28.79999924,1.70000076,Urban,0,100.4649707,0,0,0,0,0,57,0.081736695,0.517914991,1,1,2,0.748373233,0,0,0,0,1.369717132,3.438475485
HM20000206202945.tif,2024,51.76833333,14.3275,Urban,Grass,18.73,30.29999924,28.39999962,1.89999962,Urban,0,100.4649707,0,0,0,0,0,57,0.081736695,0.517914991,1,1,2,0.748373233,0,0,0,0,1.369717132,3.438475485
HM20000206203324.tif,2024,51.76666667,14.32777778,Urban,Brick_road,18.8,28.79999924,23.60000038,5.19999886,Grass,4.992115927,12.99903882,11.23712064,70.77052621,0,0.001198408,0,42.4,1.136634127,0.727831039,4,2,7,2.428526053,0.9052945,86.99976278,2.004602829,0,1.361057346,2.990116375
HM20000206203324.tif,2024,51.76666667,14.32777778,Urban,Brick_road,18.8,36.29999924,24,12.29999924,Grass,4.992115927,12.99903882,11.23712064,70.77052621,0,0.001198408,0,42.4,1.136634127,0.727831039,4,2,7,2.428526053,0.9052945,86.99976278,2.004602829,0,1.361057346,2.990116375
HM20000206203324.tif,2024,51.76666667,14.32777778,Urban,Brick_road,18.8,30.5,23.79999924,6.70000076,Grass,4.992115927,12.99903882,11.23712064,70.77052621,0,0.001198408,0,42.4,1.136634127,0.727831039,4,2,7,2.428526053,0.9052945,86.99976278,2.004602829,0,1.361057346,2.990116375
HM20000206203530.tif,2024,51.76722222,14.32861111,Urban,Asphalt_road,18.83,29.5,30.29999924,-0.799999237,Urban,0,70.80880787,19.4983135,9.964540537,0,0,1.736277603,39.71875,1.618653076,0.439062618,3,4,6,1.817297267,0.793549832,29.46285404,0.723569708,2.810431083,1.374456213,2.800103759
HM20000206203530.tif,2024,51.76722222,14.32861111,Urban,Asphalt_road,18.83,28,30.39999962,-2.39999962,Urban,0,70.80880787,19.4983135,9.964540537,0,0,1.736277603,39.71875,1.618653076,0.439062618,3,4,6,1.817297267,0.793549832,29.46285404,0.723569708,2.810431083,1.374456213,2.800103759
HM20000206203530.tif,2024,51.76722222,14.32861111,Urban,Asphalt_road,18.83,27.79999924,32.90000153,-5.10000229,Urban,0,70.80880787,19.4983135,9.964540537,0,0,1.736277603,39.71875,1.618653076,0.439062618,3,4,6,1.817297267,0.793549832,29.46285404,0.723569708,2.810431083,1.374456213,2.800103759
HM20000206203536.tif,2024,51.76722222,14.32861111,Urban,Grass,18.83,30.29999924,25.79999924,4.5,Urban,0,70.80880787,19.4983135,9.964540537,0,0,1.736277603,39.71875,1.618653076,0.439062618,3,4,6,1.817297267,0.793549832,29.46285404,0.723569708,2.810431083,1.374456213,2.800103759
HM20000206203536.tif,2024,51.76722222,14.32861111,Urban,Grass,18.83,32.09999847,26.70000076,5.39999771,Urban,0,70.80880787,19.4983135,9.964540537,0,0,1.736277603,39.71875,1.618653076,0.439062618,3,4,6,1.817297267,0.793549832,29.46285404,0.723569708,2.810431083,1.374456213,2.800103759
HM20000206203536.tif,2024,51.76722222,14.32861111,Urban,Grass,18.83,30.5,27,3.5,Urban,0,70.80880787,19.4983135,9.964540537,0,0,1.736277603,39.71875,1.618653076,0.439062618,3,4,6,1.817297267,0.793549832,29.46285404,0.723569708,2.810431083,1.374456213,2.800103759
HM20000206203544.tif,2024,51.76722222,14.32861111,Urban,Grass,18.83,29.20000076,26.10000038,3.10000038,Urban,0,70.80880787,19.4983135,9.964540537,0,0,1.736277603,39.71875,1.618653076,0.439062618,3,4,6,1.817297267,0.793549832,29.46285404,0.723569708,2.810431083,1.374456213,2.800103759
HM20000206203544.tif,2024,51.76722222,14.32861111,Urban,Grass,18.83,30.29999924,26.70000076,3.59999848,Urban,0,70.80880787,19.4983135,9.964540537,0,0,1.736277603,39.71875,1.618653076,0.439062618,3,4,6,1.817297267,0.793549832,29.46285404,0.723569708,2.810431083,1.374456213,2.800103759
HM20000206203544.tif,2024,51.76722222,14.32861111,Urban,Grass,18.83,28,27.70000076,0.299999237,Urban,0,70.80880787,19.4983135,9.964540537,0,0,1.736277603,39.71875,1.618653076,0.439062618,3,4,6,1.817297267,0.793549832,29.46285404,0.723569708,2.810431083,1.374456213,2.800103759
HM20230815174939.tif,2023,51.744133,14.415833,Urban,Asphalt_road,17.82,33.20000076,29.5,3.700000763,Urban,0,93.11457442,3.623504582,3.270949537,0,0,0,47,0.493784063,0.665091703,2,2,5,1.53363028,0.298578233,6.894454119,0.143634461,0,1.461923056,3.112968764
HM20230815174939.tif,2023,51.744133,14.415833,Urban,Asphalt_road,17.82,34.20000076,28.10000038,6.100000381,Urban,0,93.11457442,3.623504582,3.270949537,0,0,0,47,0.493784063,0.665091703,2,2,5,1.53363028,0.298578233,6.894454119,0.143634461,0,1.461923056,3.112968764
HM20230815174939.tif,2023,51.744133,14.415833,Urban,Asphalt_road,17.82,33.90000153,28.20000076,5.700000763,Urban,0,93.11457442,3.623504582,3.270949537,0,0,0,47,0.493784063,0.665091703,2,2,5,1.53363028,0.298578233,6.894454119,0.143634461,0,1.461923056,3.112968764
HM20230815141642.tif,2023,51.528333,14.100278,Lakeside,Asphalt_road,14.27,36.09999847,31.70000076,4.399997711,Forest,0,0,100.0284545,0,0,0,29.15724661,0,3.708376961,0.653570021,7,6,13,4.320996649,0,100.0284545,100.0284545,108.1260616,1.112041447,0
HM20230815141642.tif,2023,51.528333,14.100278,Lakeside,Asphalt_road,14.27,33.20000076,32.79999924,0.400001526,Forest,0,0,100.0284545,0,0,0,29.15724661,0,3.708376961,0.653570021,7,6,13,4.320996649,0,100.0284545,100.0284545,108.1260616,1.112041447,0
HM20230815141642.tif,2023,51.528333,14.100278,Lakeside,Asphalt_road,14.27,37.79999924,31.70000076,6.099998474,Forest,0,0,100.0284545,0,0,0,29.15724661,0,3.708376961,0.653570021,7,6,13,4.320996649,0,100.0284545,100.0284545,108.1260616,1.112041447,0
HM20230815141711.tif,2023,51.528333,14.100278,Lakeside,Asphalt_road,14.28,48.5,45.29999924,3.200000763,Forest,0,0,100.0284545,0,0,0,29.15724661,0,3.708376961,0.653570021,7,6,13,4.320996649,0,100.0284545,100.0284545,108.1260616,1.112041447,0
HM20230815141711.tif,2023,51.528333,14.100278,Lakeside,Asphalt_road,14.28,47.59999847,44.59999847,3,Forest,0,0,100.0284545,0,0,0,29.15724661,0,3.708376961,0.653570021,7,6,13,4.320996649,0,100.0284545,100.0284545,108.1260616,1.112041447,0
HM20230815141711.tif,2023,51.528333,14.100278,Lakeside,Asphalt_road,14.28,48.09999847,45.40000153,2.699996948,Forest,0,0,100.0284545,0,0,0,29.15724661,0,3.708376961,0.653570021,7,6,13,4.320996649,0,100.0284545,100.0284545,108.1260616,1.112041447,0
HM20230815141703.tif,2023,51.528333,14.100278,Lakeside,Asphalt_road,14.28,46.59999847,43.70000076,2.899997711,Forest,0,0,100.0284545,0,0,0,29.15724661,0,3.708376961,0.653570021,7,6,13,4.320996649,0,100.0284545,100.0284545,108.1260616,1.112041447,0
HM20230815141703.tif,2023,51.528333,14.100278,Lakeside,Asphalt_road,14.28,47.70000076,44.20000076,3.5,Forest,0,0,100.0284545,0,0,0,29.15724661,0,3.708376961,0.653570021,7,6,13,4.320996649,0,100.0284545,100.0284545,108.1260616,1.112041447,0
HM20230815141703.tif,2023,51.528333,14.100278,Lakeside,Asphalt_road,14.28,46.40000153,42.5,3.900001526,Forest,0,0,100.0284545,0,0,0,29.15724661,0,3.708376961,0.653570021,7,6,13,4.320996649,0,100.0284545,100.0284545,108.1260616,1.112041447,0
HM20230815143645.tif,2023,51.526111,14.099444,Lakeside,Asphalt_road,14.6,28.89999962,31.89999962,-3,Forest,0,0,100.23008,0,0,0,72.47473152,9,8.290112019,0.629664049,12,10,17,6.046254694,0,100.23008,10.023008,600.8236428,1.14188763,0
HM20230815143645.tif,2023,51.526111,14.099444,Lakeside,Asphalt_road,14.6,33.5,29.10000038,4.399999619,Forest,0,0,100.23008,0,0,0,72.47473152,9,8.290112019,0.629664049,12,10,17,6.046254694,0,100.23008,10.023008,600.8236428,1.14188763,0
HM20230815143645.tif,2023,51.526111,14.099444,Lakeside,Asphalt_road,14.6,30.60000038,26.79999924,3.800001144,Forest,0,0,100.23008,0,0,0,72.47473152,9,8.290112019,0.629664049,12,10,17,6.046254694,0,100.23008,10.023008,600.8236428,1.14188763,0
HM20230815165755.tif,2023,51.548611,14.080278,Lakeside,Asphalt_road,16.95,36.59999847,36.70000076,-0.100002289,Agriculture,65.62018892,2.773525434,0,31.55129442,0,0.054991224,0,0,0,0,0,0,0,0,0.7439707,97.17148334,97.17148334,0,1.245553399,4.162786825
HM20230815165755.tif,2023,51.548611,14.080278,Lakeside,Asphalt_road,16.95,36.79999924,36,0.799999237,Agriculture,65.62018892,2.773525434,0,31.55129442,0,0.054991224,0,0,0,0,0,0,0,0,0.7439707,97.17148334,97.17148334,0,1.245553399,4.162786825
HM20230815165755.tif,2023,51.548611,14.080278,Lakeside,Asphalt_road,16.95,36.5,35.40000153,1.099998474,Agriculture,65.62018892,2.773525434,0,31.55129442,0,0.054991224,0,0,0,0,0,0,0,0,0.7439707,97.17148334,97.17148334,0,1.245553399,4.162786825
HM20230815132400.tif,2023,51.811433,14.408267,Post_mine,Asphalt_road,13.4,23.89999962,23.70000076,0.199998856,Forest,0,0,67.08285392,0,33.36538551,0,72.84721786,0,7.408413078,0.359072145,4,9,11,3.156160552,0.635701241,67.08285392,67.08285392,539.6822815,0.738280713,1.645737583
HM20230815132400.tif,2023,51.811433,14.408267,Post_mine,Asphalt_road,13.4,29.60000038,23.60000038,6,Forest,0,0,67.08285392,0,33.36538551,0,72.84721786,0,7.408413078,0.359072145,4,9,11,3.156160552,0.635701241,67.08285392,67.08285392,539.6822815,0.738280713,1.645737583
HM20230815132400.tif,2023,51.811433,14.408267,Post_mine,Asphalt_road,13.4,25.39999962,23.5,1.899999619,Forest,0,0,67.08285392,0,33.36538551,0,72.84721786,0,7.408413078,0.359072145,4,9,11,3.156160552,0.635701241,67.08285392,67.08285392,539.6822815,0.738280713,1.645737583
HM20230815132429.tif,2023,51.811433,14.408267,Post_mine,Asphalt_road,13.4,24.70000076,26,-1.299999237,Forest,0,0,67.08285392,0,33.36538551,0,72.84721786,0,7.408413078,0.359072145,4,9,11,3.156160552,0.635701241,67.08285392,67.08285392,539.6822815,0.738280713,1.645737583
HM20230815132429.tif,2023,51.811433,14.408267,Post_mine,Asphalt_road,13.4,23.70000076,24.89999962,-1.199998856,Forest,0,0,67.08285392,0,33.36538551,0,72.84721786,0,7.408413078,0.359072145,4,9,11,3.156160552,0.635701241,67.08285392,67.08285392,539.6822815,0.738280713,1.645737583
HM20230815132429.tif,2023,51.811433,14.408267,Post_mine,Asphalt_road,13.4,25.10000038,25.5,-0.399999619,Forest,0,0,67.08285392,0,33.36538551,0,72.84721786,0,7.408413078,0.359072145,4,9,11,3.156160552,0.635701241,67.08285392,67.08285392,539.6822815,0.738280713,1.645737583
HM20230815132440.tif,2023,51.811433,14.408267,Post_mine,Grass,13.4,29,28,1,Forest,0,0,67.08285392,0,33.36538551,0,72.84721786,0,7.408413078,0.359072145,4,9,11,3.156160552,0.635701241,67.08285392,67.08285392,539.6822815,0.738280713,1.645737583
HM20230815132440.tif,2023,51.811433,14.408267,Post_mine,Grass,13.4,30.5,27.79999924,2.700000763,Forest,0,0,67.08285392,0,33.36538551,0,72.84721786,0,7.408413078,0.359072145,4,9,11,3.156160552,0.635701241,67.08285392,67.08285392,539.6822815,0.738280713,1.645737583
HM20230815132440.tif,2023,51.811433,14.408267,Post_mine,Asphalt_road,13.4,31.70000076,26.60000038,5.100000381,Forest,0,0,67.08285392,0,33.36538551,0,72.84721786,0,7.408413078,0.359072145,4,9,11,3.156160552,0.635701241,67.08285392,67.08285392,539.6822815,0.738280713,1.645737583
HM20230815132500.tif,2023,51.811433,14.408267,Post_mine,Asphalt_road,13.42,27.10000038,26.89999962,0.200000763,Forest,0,0,67.08285392,0,33.36538551,0,72.84721786,0,7.408413078,0.359072145,4,9,11,3.156160552,0.635701241,67.08285392,67.08285392,539.6822815,0.738280713,1.645737583
HM20230815132500.tif,2023,51.811433,14.408267,Post_mine,Asphalt_road,13.42,25.70000076,26.70000076,-1,Forest,0,0,67.08285392,0,33.36538551,0,72.84721786,0,7.408413078,0.359072145,4,9,11,3.156160552,0.635701241,67.08285392,67.08285392,539.6822815,0.738280713,1.645737583
HM20230815132500.tif,2023,51.811433,14.408267,Post_mine,Asphalt_road,13.42,27,25.70000076,1.299999237,Forest,0,0,67.08285392,0,33.36538551,0,72.84721786,0,7.408413078,0.359072145,4,9,11,3.156160552,0.635701241,67.08285392,67.08285392,539.6822815,0.738280713,1.645737583
HM20230815133235.tif,2023,51.808783,14.408133,Post_mine,Asphalt_road,13.53,47.29999924,40.09999847,7.200000763,Grass,0,0,0,100.4345195,0,0,0,0,0,0,0,0,0,0,0,100.4345195,100.4345195,0,1.120323783,4.564145266
HM20230815133235.tif,2023,51.808783,14.408133,Post_mine,Asphalt_road,13.53,46.40000153,36.90000153,9.5,Grass,0,0,0,100.4345195,0,0,0,0,0,0,0,0,0,0,0,100.4345195,100.4345195,0,1.120323783,4.564145266
HM20230815133235.tif,2023,51.808783,14.408133,Post_mine,Asphalt_road,13.53,50.79999924,40,10.79999924,Grass,0,0,0,100.4345195,0,0,0,0,0,0,0,0,0,0,0,100.4345195,100.4345195,0,1.120323783,4.564145266
HM20230815133209.tif,2023,51.808783,14.408133,Post_mine,Asphalt_road,13.53,51.09999847,37.90000153,13.19999695,Grass,0,0,0,100.4345195,0,0,0,0,0,0,0,0,0,0,0,100.4345195,100.4345195,0,1.120323783,4.564145266
HM20230815133209.tif,2023,51.808783,14.408133,Post_mine,Asphalt_road,13.53,51.29999924,43.5,7.799999237,Grass,0,0,0,100.4345195,0,0,0,0,0,0,0,0,0,0,0,100.4345195,100.4345195,0,1.120323783,4.564145266
HM20230815133209.tif,2023,51.808783,14.408133,Post_mine,Asphalt_road,13.53,50.70000076,35.90000153,14.79999924,Grass,0,0,0,100.4345195,0,0,0,0,0,0,0,0,0,0,0,100.4345195,100.4345195,0,1.120323783,4.564145266
HM20230815160845.tif,2023,51.788217,14.3765,Post_mine,Asphalt_road,16.13,42.09999847,41.40000153,0.699996948,Forest,0,0,100.3037601,0,0,0,78.91805862,0,2.209298653,0.48401647,4,5,7,2.351430078,0,100.3037601,100.3037601,174.3535606,1.296302621,0
HM20230815160845.tif,2023,51.788217,14.3765,Post_mine,Asphalt_road,16.13,42.20000076,41.09999847,1.100002289,Forest,0,0,100.3037601,0,0,0,78.91805862,0,2.209298653,0.48401647,4,5,7,2.351430078,0,100.3037601,100.3037601,174.3535606,1.296302621,0
HM20230815160845.tif,2023,51.788217,14.3765,Post_mine,Asphalt_road,16.13,42.09999847,41.29999924,0.799999237,Forest,0,0,100.3037601,0,0,0,78.91805862,0,2.209298653,0.48401647,4,5,7,2.351430078,0,100.3037601,100.3037601,174.3535606,1.296302621,0
HM20230815161154.tif,2023,51.7896,14.377617,Post_mine,Asphalt_road,16.18,35.70000076,31.60000038,4.100000381,Forest,0,0,80.30324131,20.07574503,0,0,42.69760856,0,1.40618238,0.640527626,3,3,6,1.997444999,0.500401702,100.3789863,100.3789863,60.04062483,1.235574913,1.080501226
HM20230815161154.tif,2023,51.7896,14.377617,Post_mine,Asphalt_road,16.18,36.09999847,33.59999847,2.5,Forest,0,0,80.30324131,20.07574503,0,0,42.69760856,0,1.40618238,0.640527626,3,3,6,1.997444999,0.500401702,100.3789863,100.3789863,60.04062483,1.235574913,1.080501226
HM20230815161154.tif,2023,51.7896,14.377617,Post_mine,Asphalt_road,16.18,36.70000076,30.5,6.200000763,Forest,0,0,80.30324131,20.07574503,0,0,42.69760856,0,1.40618238,0.640527626,3,3,6,1.997444999,0.500401702,100.3789863,100.3789863,60.04062483,1.235574913,1.080501226
HM20230815161209.tif,2023,51.7896,14.377617,Post_mine,Asphalt_road,16.2,30.60000038,31.39999962,-0.799999237,Forest,0,0,80.30324131,20.07574503,0,0,42.69760856,0,1.40618238,0.640527626,3,3,6,1.997444999,0.500401702,100.3789863,100.3789863,60.04062483,1.235574913,1.080501226
HM20230815161209.tif,2023,51.7896,14.377617,Post_mine,Asphalt_road,16.2,30.79999924,30.10000038,0.699998856,Forest,0,0,80.30324131,20.07574503,0,0,42.69760856,0,1.40618238,0.640527626,3,3,6,1.997444999,0.500401702,100.3789863,100.3789863,60.04062483,1.235574913,1.080501226
HM20230815161209.tif,2023,51.7896,14.377617,Post_mine,Asphalt_road,16.2,31.60000038,31,0.600000381,Forest,0,0,80.30324131,20.07574503,0,0,42.69760856,0,1.40618238,0.640527626,3,3,6,1.997444999,0.500401702,100.3789863,100.3789863,60.04062483,1.235574913,1.080501226
HM20230815161416.tif,2023,51.790517,14.3783,Post_mine,Asphalt_road,16.23,36.5,35.40000153,1.099998474,Grass,0,0,45.90342906,54.25829941,0,0,48.06987724,0,3.463398754,0.551192365,5,6,10,3.213337598,0.689664204,100.1617285,100.1617285,166.4851529,1.170112581,2.156682981
HM20230815161416.tif,2023,51.790517,14.3783,Post_mine,Asphalt_road,16.23,34.70000076,35.40000153,-0.700000763,Grass,0,0,45.90342906,54.25829941,0,0,48.06987724,0,3.463398754,0.551192365,5,6,10,3.213337598,0.689664204,100.1617285,100.1617285,166.4851529,1.170112581,2.156682981
HM20230815161416.tif,2023,51.790517,14.3783,Post_mine,Asphalt_road,16.23,36.20000076,36.5,-0.299999237,Grass,0,0,45.90342906,54.25829941,0,0,48.06987724,0,3.463398754,0.551192365,5,6,10,3.213337598,0.689664204,100.1617285,100.1617285,166.4851529,1.170112581,2.156682981
HM20230815161430.tif,2023,51.790517,14.3783,Post_mine,Asphalt_road,16.23,40.09999847,40.5,-0.400001526,Grass,0,0,45.90342906,54.25829941,0,0,48.06987724,0,3.463398754,0.551192365,5,6,10,3.213337598,0.689664204,100.1617285,100.1617285,166.4851529,1.170112581,2.156682981
HM20230815161430.tif,2023,51.790517,14.3783,Post_mine,Asphalt_road,16.23,40.70000076,39.20000076,1.5,Grass,0,0,45.90342906,54.25829941,0,0,48.06987724,0,3.463398754,0.551192365,5,6,10,3.213337598,0.689664204,100.1617285,100.1617285,166.4851529,1.170112581,2.156682981
HM20230815161430.tif,2023,51.790517,14.3783,Post_mine,Asphalt_road,16.23,41.09999847,40,1.099998474,Grass,0,0,45.90342906,54.25829941,0,0,48.06987724,0,3.463398754,0.551192365,5,6,10,3.213337598,0.689664204,100.1617285,100.1617285,166.4851529,1.170112581,2.156682981
HM20230815161608.tif,2023,51.79095,14.3788,Post_mine,Asphalt_road,16.27,43.09999847,40.70000076,2.399997711,Forest,0,0,98.59546196,1.839248557,0,0,51.16446541,0.59375,1.950199518,0.535973736,2,3,5,1.763499476,0.091398435,100.4347105,63.01785758,99.78091578,1.130751473,0.083654712
HM20230815161608.tif,2023,51.79095,14.3788,Post_mine,Asphalt_road,16.27,43.70000076,39.20000076,4.5,Forest,0,0,98.59546196,1.839248557,0,0,51.16446541,0.59375,1.950199518,0.535973736,2,3,5,1.763499476,0.091398435,100.4347105,63.01785758,99.78091578,1.130751473,0.083654712
HM20230815161608.tif,2023,51.79095,14.3788,Post_mine,Asphalt_road,16.27,43.5,39.40000153,4.099998474,Forest,0,0,98.59546196,1.839248557,0,0,51.16446541,0.59375,1.950199518,0.535973736,2,3,5,1.763499476,0.091398435,100.4347105,63.01785758,99.78091578,1.130751473,0.083654712
HM20230815161619.tif,2023,51.79095,14.3788,Post_mine,Asphalt_road,16.27,47.40000153,45.90000153,1.5,Forest,0,0,98.59546196,1.839248557,0,0,51.16446541,0.59375,1.950199518,0.535973736,2,3,5,1.763499476,0.091398435,100.4347105,63.01785758,99.78091578,1.130751473,0.083654712
HM20230815161619.tif,2023,51.79095,14.3788,Post_mine,Asphalt_road,16.27,47.5,46.5,1,Forest,0,0,98.59546196,1.839248557,0,0,51.16446541,0.59375,1.950199518,0.535973736,2,3,5,1.763499476,0.091398435,100.4347105,63.01785758,99.78091578,1.130751473,0.083654712
HM20230815161619.tif,2023,51.79095,14.3788,Post_mine,Asphalt_road,16.27,47.90000153,46.29999924,1.600002289,Forest,0,0,98.59546196,1.839248557,0,0,51.16446541,0.59375,1.950199518,0.535973736,2,3,5,1.763499476,0.091398435,100.4347105,63.01785758,99.78091578,1.130751473,0.083654712
HM20230815141835.tif,2023,51.769367,14.3246,Urban,Asphalt_road,14.3,46.40000153,36.20000076,10.20000076,Urban,0,70.5510001,0,29.73552316,0,0,0,49,0.738741462,0.617645011,4,4,7,2.458487813,0.60787443,29.73552316,0.594710463,0,1.35176857,3.687494601
HM20230815141835.tif,2023,51.769367,14.3246,Urban,Asphalt_road,14.3,42.79999924,30.10000038,12.69999886,Urban,0,70.5510001,0,29.73552316,0,0,0,49,0.738741462,0.617645011,4,4,7,2.458487813,0.60787443,29.73552316,0.594710463,0,1.35176857,3.687494601
HM20230815141835.tif,2023,51.769367,14.3246,Urban,Asphalt_road,14.3,32.40000153,39.09999847,-6.699996948,Urban,0,70.5510001,0,29.73552316,0,0,0,49,0.738741462,0.617645011,4,4,7,2.458487813,0.60787443,29.73552316,0.594710463,0,1.35176857,3.687494601
HM20230815141924.tif,2023,51.769367,14.3246,Urban,Asphalt_road,14.32,37.09999847,35.70000076,1.399997711,Urban,0,70.5510001,0,29.73552316,0,0,0,49,0.738741462,0.617645011,4,4,7,2.458487813,0.60787443,29.73552316,0.594710463,0,1.35176857,3.687494601
HM20230815141924.tif,2023,51.769367,14.3246,Urban,Asphalt_road,14.32,38.09999847,35.70000076,2.399997711,Urban,0,70.5510001,0,29.73552316,0,0,0,49,0.738741462,0.617645011,4,4,7,2.458487813,0.60787443,29.73552316,0.594710463,0,1.35176857,3.687494601
HM20230815141924.tif,2023,51.769367,14.3246,Urban,Asphalt_road,14.32,39,38.20000076,0.799999237,Urban,0,70.5510001,0,29.73552316,0,0,0,49,0.738741462,0.617645011,4,4,7,2.458487813,0.60787443,29.73552316,0.594710463,0,1.35176857,3.687494601
HM20230815142937.tif,2023,51.76925,14.32535,Urban,Asphalt_road,14.48,36.5,35.09999847,1.400001526,Urban,0,100.1497444,0,0,0,0,0,49,0.645387083,0.539281653,3,3,4,1.490371261,0,0,0,0,1.356950618,3.855313237
HM20230815142937.tif,2023,51.76925,14.32535,Urban,Asphalt_road,14.48,36.5,34.70000076,1.799999237,Urban,0,100.1497444,0,0,0,0,0,49,0.645387083,0.539281653,3,3,4,1.490371261,0,0,0,0,1.356950618,3.855313237
HM20230815142937.tif,2023,51.76925,14.32535,Urban,Asphalt_road,14.48,35.5,36,-0.5,Urban,0,100.1497444,0,0,0,0,0,49,0.645387083,0.539281653,3,3,4,1.490371261,0,0,0,0,1.356950618,3.855313237
HM20230815143414.tif,2023,51.768117,14.325817,Urban,Asphalt_road,14.57,37.59999847,30.20000076,7.399997711,Urban,0,100.0151997,0,0,0,0,0,52,0.031690306,0,0,1,0,0,0,0,0,0,1.348621198,4.094864996
HM20230815143414.tif,2023,51.768117,14.325817,Urban,Asphalt_road,14.57,38.70000076,30,8.700000763,Urban,0,100.0151997,0,0,0,0,0,52,0.031690306,0,0,1,0,0,0,0,0,0,1.348621198,4.094864996
HM20230815143414.tif,2023,51.768117,14.325817,Urban,Asphalt_road,14.57,35.5,28.20000076,7.299999237,Urban,0,100.0151997,0,0,0,0,0,52,0.031690306,0,0,1,0,0,0,0,0,0,1.348621198,4.094864996
HM20230815143414.tif,2023,51.768117,14.325817,Urban,Grass,14.57,32.70000076,25.60000038,7.100000381,Urban,0,100.0151997,0,0,0,0,0,52,0.031690306,0,0,1,0,0,0,0,0,0,1.348621198,4.094864996
HM20230815143414.tif,2023,51.768117,14.325817,Urban,Grass,14.57,32.5,28.89999962,3.599999905,Urban,0,100.0151997,0,0,0,0,0,52,0.031690306,0,0,1,0,0,0,0,0,0,1.348621198,4.094864996
HM20230815143414.tif,2023,51.768117,14.325817,Urban,Grass,14.57,34.29999924,26.10000038,8.199998856,Urban,0,100.0151997,0,0,0,0,0,52,0.031690306,0,0,1,0,0,0,0,0,0,1.348621198,4.094864996
HM20230815143401.tif,2023,51.768117,14.325817,Urban,Asphalt_road,14.57,43.59999847,34.59999847,9.000001526,Urban,0,100.0151997,0,0,0,0,0,52,0.031690306,0,0,1,0,0,0,0,0,0,1.348621198,4.094864996
HM20230815143401.tif,2023,51.768117,14.325817,Urban,Asphalt_road,14.57,43.20000076,36.40000153,6.799999237,Urban,0,100.0151997,0,0,0,0,0,52,0.031690306,0,0,1,0,0,0,0,0,0,1.348621198,4.094864996
HM20230815143401.tif,2023,51.768117,14.325817,Urban,Asphalt_road,14.57,43,34.70000076,8.299999237,Urban,0,100.0151997,0,0,0,0,0,52,0.031690306,0,0,1,0,0,0,0,0,0,1.348621198,4.094864996
HM20230815144448.tif,2023,51.767283,14.323517,Urban,Brick_road,14.73,40.79999924,36.5,4.299999237,Urban,0,74.31296482,0,25.95855952,0,0,0,73,0.902690579,0.867854369,5,3,10,3.41663445,0.571884973,25.95855952,0.350791345,0,1.305800814,3.982931942
HM20230815144448.tif,2023,51.767283,14.323517,Urban,Brick_road,14.73,37.09999847,41,-3.900001526,Urban,0,74.31296482,0,25.95855952,0,0,0,73,0.902690579,0.867854369,5,3,10,3.41663445,0.571884973,25.95855952,0.350791345,0,1.305800814,3.982931942
HM20230815144448.tif,2023,51.767283,14.323517,Urban,Brick_road,14.73,43.59999847,40.5,3.099998474,Urban,0,74.31296482,0,25.95855952,0,0,0,73,0.902690579,0.867854369,5,3,10,3.41663445,0.571884973,25.95855952,0.350791345,0,1.305800814,3.982931942
HM20230815144458.tif,2023,51.767283,14.323517,Urban,Brick_road,14.73,39.20000076,33.79999924,5.400001526,Urban,0,74.31296482,0,25.95855952,0,0,0,73,0.902690579,0.867854369,5,3,10,3.41663445,0.571884973,25.95855952,0.350791345,0,1.305800814,3.982931942
HM20230815144458.tif,2023,51.767283,14.323517,Urban,Brick_road,14.73,38.20000076,32.40000153,5.799999237,Urban,0,74.31296482,0,25.95855952,0,0,0,73,0.902690579,0.867854369,5,3,10,3.41663445,0.571884973,25.95855952,0.350791345,0,1.305800814,3.982931942
HM20230815144458.tif,2023,51.767283,14.323517,Urban,Brick_road,14.73,35.40000153,33.90000153,1.5,Urban,0,74.31296482,0,25.95855952,0,0,0,73,0.902690579,0.867854369,5,3,10,3.41663445,0.571884973,25.95855952,0.350791345,0,1.305800814,3.982931942
HM20230815144521.tif,2023,51.767283,14.323517,Urban,Brick_road,14.75,33,26.5,6.5,Urban,0,74.31296482,0,25.95855952,0,0,0,73,0.902690579,0.867854369,5,3,10,3.41663445,0.571884973,25.95855952,0.350791345,0,1.305800814,3.982931942
HM20230815144521.tif,2023,51.767283,14.323517,Urban,Brick_road,14.75,31.89999962,31.5,0.399999619,Urban,0,74.31296482,0,25.95855952,0,0,0,73,0.902690579,0.867854369,5,3,10,3.41663445,0.571884973,25.95855952,0.350791345,0,1.305800814,3.982931942
HM20230815144521.tif,2023,51.767283,14.323517,Urban,Brick_road,14.75,33.09999847,25.79999924,7.299999237,Urban,0,74.31296482,0,25.95855952,0,0,0,73,0.902690579,0.867854369,5,3,10,3.41663445,0.571884973,25.95855952,0.350791345,0,1.305800814,3.982931942
HM20230815150118.tif,2023,51.767283,14.328567,Urban,Grass,15.02,31.60000038,28.10000038,3.5,Urban,0,54.54054345,39.85797273,5.892584857,0,0,10.01038389,39.15625,2.557714475,0.39718232,3,5,6,1.799539881,0.864517245,45.75055759,1.139313496,25.60370378,1.374306656,2.327497049
HM20230815150118.tif,2023,51.767283,14.328567,Urban,Grass,15.02,29.10000038,28.89999962,0.200000763,Urban,0,54.54054345,39.85797273,5.892584857,0,0,10.01038389,39.15625,2.557714475,0.39718232,3,5,6,1.799539881,0.864517245,45.75055759,1.139313496,25.60370378,1.374306656,2.327497049
HM20230815150118.tif,2023,51.767283,14.328567,Urban,Grass,15.02,30.29999924,29.70000076,0.599998474,Urban,0,54.54054345,39.85797273,5.892584857,0,0,10.01038389,39.15625,2.557714475,0.39718232,3,5,6,1.799539881,0.864517245,45.75055759,1.139313496,25.60370378,1.374306656,2.327497049
HM20230815150147.tif,2023,51.767283,14.328567,Urban,Asphalt_road,15.02,40.59999847,38.79999924,1.799999237,Urban,0,54.54054345,39.85797273,5.892584857,0,0,10.01038389,39.15625,2.557714475,0.39718232,3,5,6,1.799539881,0.864517245,45.75055759,1.139313496,25.60370378,1.374306656,2.327497049
HM20230815150147.tif,2023,51.767283,14.328567,Urban,Asphalt_road,15.02,39.59999847,40.20000076,-0.600002289,Urban,0,54.54054345,39.85797273,5.892584857,0,0,10.01038389,39.15625,2.557714475,0.39718232,3,5,6,1.799539881,0.864517245,45.75055759,1.139313496,25.60370378,1.374306656,2.327497049
HM20230815150147.tif,2023,51.767283,14.328567,Urban,Asphalt_road,15.02,41.5,39,2.5,Urban,0,54.54054345,39.85797273,5.892584857,0,0,10.01038389,39.15625,2.557714475,0.39718232,3,5,6,1.799539881,0.864517245,45.75055759,1.139313496,25.60370378,1.374306656,2.327497049
HM20230815150147.tif,2023,51.767283,14.328567,Urban,Grass,15.02,28.20000076,27,1.200000763,Urban,0,54.54054345,39.85797273,5.892584857,0,0,10.01038389,39.15625,2.557714475,0.39718232,3,5,6,1.799539881,0.864517245,45.75055759,1.139313496,25.60370378,1.374306656,2.327497049
HM20230815150147.tif,2023,51.767283,14.328567,Urban,Grass,15.02,30.20000076,27.20000076,3,Urban,0,54.54054345,39.85797273,5.892584857,0,0,10.01038389,39.15625,2.557714475,0.39718232,3,5,6,1.799539881,0.864517245,45.75055759,1.139313496,25.60370378,1.374306656,2.327497049
HM20230815150147.tif,2023,51.767283,14.328567,Urban,Grass,15.02,30.70000076,29.60000038,1.100000381,Urban,0,54.54054345,39.85797273,5.892584857,0,0,10.01038389,39.15625,2.557714475,0.39718232,3,5,6,1.799539881,0.864517245,45.75055759,1.139313496,25.60370378,1.374306656,2.327497049
HM20230815164059.tif,2023,51.735733,14.399517,Urban,Grass,16.67,27.29999924,27,0.299999237,Forest,0,0,100.301682,0,0,0,74.99937028,1.875,5.134615948,0.55976496,6,6,10,3.445923844,0,100.301682,34.88754157,385.0929627,1.480977463,0
HM20230815164059.tif,2023,51.735733,14.399517,Urban,Grass,16.67,28.79999924,26.20000076,2.599998474,Forest,0,0,100.301682,0,0,0,74.99937028,1.875,5.134615948,0.55976496,6,6,10,3.445923844,0,100.301682,34.88754157,385.0929627,1.480977463,0
HM20230815164059.tif,2023,51.735733,14.399517,Urban,Grass,16.67,26,26.60000038,-0.600000381,Forest,0,0,100.301682,0,0,0,74.99937028,1.875,5.134615948,0.55976496,6,6,10,3.445923844,0,100.301682,34.88754157,385.0929627,1.480977463,0
HM20230815164455.tif,2023,51.734133,14.398933,Urban,Asphalt_road,16.73,40.59999847,40.09999847,0.5,Grass,0,0,16.7893587,83.63338833,0,0,0.172532998,0.129032258,0.010530261,0.505271766,0,1,1,0.558823529,0.451397374,100.422747,88.94586166,0.001816818,1.473961037,2.822415543
HM20230815164455.tif,2023,51.734133,14.398933,Urban,Asphalt_road,16.73,40.70000076,40.40000153,0.299999237,Grass,0,0,16.7893587,83.63338833,0,0,0.172532998,0.129032258,0.010530261,0.505271766,0,1,1,0.558823529,0.451397374,100.422747,88.94586166,0.001816818,1.473961037,2.822415543
HM20230815164455.tif,2023,51.734133,14.398933,Urban,Asphalt_road,16.73,40.59999847,40.40000153,0.199996948,Grass,0,0,16.7893587,83.63338833,0,0,0.172532998,0.129032258,0.010530261,0.505271766,0,1,1,0.558823529,0.451397374,100.422747,88.94586166,0.001816818,1.473961037,2.822415543
HM20230815165312.tif,2023,51.73365,14.3995,Urban,Asphalt_road,16.88,31.5,30.10000038,1.399999619,Grass,0,0,0,100.2670727,0,0,0,4,0.492920744,0.626770924,4,3,7,2.429805298,0,100.2670727,20.05341454,0,1.473706874,3.289977169
HM20230815165312.tif,2023,51.73365,14.3995,Urban,Asphalt_road,16.88,32.09999847,30.20000076,1.899997711,Grass,0,0,0,100.2670727,0,0,0,4,0.492920744,0.626770924,4,3,7,2.429805298,0,100.2670727,20.05341454,0,1.473706874,3.289977169
HM20230815165312.tif,2023,51.73365,14.3995,Urban,Asphalt_road,16.88,31.89999962,29.29999924,2.600000381,Grass,0,0,0,100.2670727,0,0,0,4,0.492920744,0.626770924,4,3,7,2.429805298,0,100.2670727,20.05341454,0,1.473706874,3.289977169
HM20230815165339.tif,2023,51.73365,14.3995,Urban,Asphalt_road,16.88,32.70000076,31.5,1.200000763,Grass,0,0,0,100.2670727,0,0,0,4,0.492920744,0.626770924,4,3,7,2.429805298,0,100.2670727,20.05341454,0,1.473706874,3.289977169
HM20230815165339.tif,2023,51.73365,14.3995,Urban,Asphalt_road,16.88,33.79999924,33,0.799999237,Grass,0,0,0,100.2670727,0,0,0,4,0.492920744,0.626770924,4,3,7,2.429805298,0,100.2670727,20.05341454,0,1.473706874,3.289977169
HM20230815165339.tif,2023,51.73365,14.3995,Urban,Asphalt_road,16.88,33.09999847,32.79999924,0.299999237,Grass,0,0,0,100.2670727,0,0,0,4,0.492920744,0.626770924,4,3,7,2.429805298,0,100.2670727,20.05341454,0,1.473706874,3.289977169
HM20230815165330.tif,2023,51.73365,14.3995,Urban,Asphalt_road,16.88,35,36.40000153,-1.400001526,Grass,0,0,0,100.2670727,0,0,0,4,0.492920744,0.626770924,4,3,7,2.429805298,0,100.2670727,20.05341454,0,1.473706874,3.289977169
HM20230815165330.tif,2023,51.73365,14.3995,Urban,Asphalt_road,16.88,35.79999924,34.20000076,1.599998474,Grass,0,0,0,100.2670727,0,0,0,4,0.492920744,0.626770924,4,3,7,2.429805298,0,100.2670727,20.05341454,0,1.473706874,3.289977169
HM20230815165330.tif,2023,51.73365,14.3995,Urban,Asphalt_road,16.88,35.79999924,36.70000076,-0.900001526,Grass,0,0,0,100.2670727,0,0,0,4,0.492920744,0.626770924,4,3,7,2.429805298,0,100.2670727,20.05341454,0,1.473706874,3.289977169
HM20230815171437.tif,2023,51.744667,14.411267,Urban,Asphalt_road,17.23,38.40000153,36.90000153,1.5,Urban,0,91.44860289,9.048911439,0,0,0,0,34.87096774,1.045224895,0.711457559,7,5,11,3.826431185,0.302633011,9.048911439,0.252262819,0,1.471767987,2.632624325
HM20230815171437.tif,2023,51.744667,14.411267,Urban,Asphalt_road,17.23,38.70000076,33.59999847,5.100002289,Urban,0,91.44860289,9.048911439,0,0,0,0,34.87096774,1.045224895,0.711457559,7,5,11,3.826431185,0.302633011,9.048911439,0.252262819,0,1.471767987,2.632624325
HM20230815171437.tif,2023,51.744667,14.411267,Urban,Asphalt_road,17.23,39,37.59999847,1.400001526,Urban,0,91.44860289,9.048911439,0,0,0,0,34.87096774,1.045224895,0.711457559,7,5,11,3.826431185,0.302633011,9.048911439,0.252262819,0,1.471767987,2.632624325
HM20230815172150.tif,2023,51.74445,14.4129,Urban,Asphalt_road,17.35,33.59999847,34.09999847,-0.5,Grass,0,23.22952622,24.16972572,52.8832894,0,0,0,35,0,0,0,0,0,0,1.019179085,77.05301512,2.140361531,0,1.468423789,2.605577328
HM20230815172150.tif,2023,51.74445,14.4129,Urban,Asphalt_road,17.35,33,30.89999962,2.100000381,Grass,0,23.22952622,24.16972572,52.8832894,0,0,0,35,0,0,0,0,0,0,1.019179085,77.05301512,2.140361531,0,1.468423789,2.605577328
HM20230815172150.tif,2023,51.74445,14.4129,Urban,Asphalt_road,17.35,31.70000076,35.29999924,-3.599998474,Grass,0,23.22952622,24.16972572,52.8832894,0,0,0,35,0,0,0,0,0,0,1.019179085,77.05301512,2.140361531,0,1.468423789,2.605577328
HM20230815172150.tif,2023,51.74445,14.4129,Urban,Grass,17.35,32,30.29999924,1.700000763,Grass,0,23.22952622,24.16972572,52.8832894,0,0,0,35,0,0,0,0,0,0,1.019179085,77.05301512,2.140361531,0,1.468423789,2.605577328
HM20230815172150.tif,2023,51.74445,14.4129,Urban,Grass,17.35,32.20000076,30.89999962,1.300001144,Grass,0,23.22952622,24.16972572,52.8832894,0,0,0,35,0,0,0,0,0,0,1.019179085,77.05301512,2.140361531,0,1.468423789,2.605577328
HM20230815172150.tif,2023,51.74445,14.4129,Urban,Grass,17.35,32.20000076,30.89999962,1.300001144,Grass,0,23.22952622,24.16972572,52.8832894,0,0,0,35,0,0,0,0,0,0,1.019179085,77.05301512,2.140361531,0,1.468423789,2.605577328
HM20230815173100.tif,2023,51.74555,14.413817,Urban,Grass,17.52,27.20000076,26,1.200000763,Agriculture,72.78148562,23.62061318,0,3.975955412,0,0,0,10.5625,0.623280601,0.536536739,4,5,8,2.447215261,0.701447001,76.75744103,6.638481387,0,1.461476325,3.964115942
HM20230815173100.tif,2023,51.74555,14.413817,Urban,Grass,17.52,27.20000076,27.10000038,0.100000381,Agriculture,72.78148562,23.62061318,0,3.975955412,0,0,0,10.5625,0.623280601,0.536536739,4,5,8,2.447215261,0.701447001,76.75744103,6.638481387,0,1.461476325,3.964115942
HM20230815173100.tif,2023,51.74555,14.413817,Urban,Grass,17.52,27,25.60000038,1.399999619,Agriculture,72.78148562,23.62061318,0,3.975955412,0,0,0,10.5625,0.623280601,0.536536739,4,5,8,2.447215261,0.701447001,76.75744103,6.638481387,0,1.461476325,3.964115942